method,example_index,example_id,sessions,ok_sessions,failed_sessions,llm_call_count,llm_input_tokens,llm_output_tokens,llm_total_tokens,embedding_call_count,embedding_input_tokens,embedding_total_tokens,raw_session_input_tokens,extracted_memory_count,final_stored_memory_count,final_stored_memory_content_tokens,final_stored_memory_serialized_tokens,elapsed_seconds,status
langmem,0,dev_0003,6,6,0,22,12722,23361,36083,21,974,974,2214,21,21,526,1189,1896.9581844806671,OK
langmem,1,dev_0004,2,2,0,5,2995,4796,7791,9,422,422,770,9,9,267,499,389.7970883846283,OK
langmem,2,dev_0008,5,5,0,20,11498,22262,33760,15,693,693,1869,15,15,322,860,1781.2014236450195,OK
langmem,3,dev_0009,6,6,0,21,12757,22864,35621,21,944,944,2363,21,19,427,1050,1861.9573681354523,OK
langmem,4,dev_0014,6,6,0,24,14108,26712,40820,18,788,788,2354,18,18,351,993,2153.7068061828613,OK
langmem,5,dev_0015,10,10,0,28,16918,28091,45009,42,1992,1992,4158,42,41,1198,2327,2243.850279569626,OK
langmem,6,dev_0020,10,10,0,37,16967,40447,57414,33,1485,1485,2860,33,33,750,1831,3267.77684879303,OK
langmem,7,dev_0021,9,9,0,36,17374,40166,57540,27,1201,1201,2733,27,27,544,1502,3248.650990486145,OK
langmem,8,dev_0022,9,9,0,33,16459,36034,52493,28,1297,1297,2785,28,28,653,1595,2890.5645158290863,OK
langmem,9,dev_0025,8,8,0,29,11071,31567,42638,27,1189,1189,1818,27,27,596,1485,2556.123474597931,OK
langmem,10,dev_0027,7,7,0,22,7586,23130,30716,26,1167,1167,1326,26,24,607,1311,1842.3273055553436,OK
langmem,11,dev_0028,9,9,0,30,13484,31923,45407,33,1472,1472,2559,33,32,752,1755,2581.065353870392,OK
langmem,12,dev_0029,8,8,0,29,14775,31517,46292,27,1227,1227,2570,27,27,640,1507,2521.943468809128,OK
langmem,13,dev_0030,10,10,0,37,17183,40596,57779,33,1484,1484,2876,33,33,719,1843,3242.8917095661163,OK
langmem,14,dev_0031,10,10,0,40,16712,44553,61265,29,1214,1214,2552,29,29,510,1542,3560.3219459056854,OK
langmem,15,dev_0032,7,7,0,28,14398,31119,45517,21,929,929,2294,21,21,420,1160,2490.1019411087036,OK
langmem,16,dev_0035,6,6,0,21,8595,22681,31276,21,957,957,1608,21,21,517,1177,1846.3733508586884,OK
langmem,17,dev_0036,5,5,0,17,6697,18265,24962,18,795,795,1145,18,18,425,977,1467.5402150154114,OK
langmem,18,dev_0037,5,5,0,17,6258,18200,24458,17,852,852,1050,17,17,503,1019,1477.6801126003265,OK
langmem,19,dev_0038,5,5,0,12,6701,10840,17541,24,1282,1282,1736,24,24,906,1495,849.3054947853088,OK
langmem,20,dev_0039,6,6,0,24,12256,26776,39032,18,784,784,1925,18,18,352,983,2170.630075454712,OK
langmem,21,dev_0040,10,10,0,39,15056,43100,58156,33,1470,1470,2256,33,33,743,1810,3486.665802717209,OK
langmem,22,dev_0041,10,10,0,29,13085,29272,42357,42,1933,1933,2688,42,40,1086,2222,2369.3110213279724,OK
langmem,23,dev_0042,8,8,0,23,12787,23593,36380,33,1616,1616,3116,33,30,898,1737,1879.420520067215,OK
langmem,24,dev_0044,8,8,0,27,12643,28479,41122,31,1495,1495,2456,31,31,880,1789,2305.842064142227,OK
langmem,25,dev_0045,5,5,0,20,10822,22251,33073,15,661,661,1805,15,15,301,839,1790.1270787715912,OK
langmem,26,dev_0046,6,6,0,21,11710,22879,34589,21,1050,1050,2079,21,21,601,1265,1829.7770974636078,OK
langmem,27,dev_0047,6,6,0,24,13248,26851,40099,18,829,829,2161,18,18,394,1034,2174.9313354492188,OK
langmem,28,dev_0048,7,7,0,25,10090,27039,37129,23,990,990,1678,23,23,493,1223,2146.9366824626923,OK
langmem,29,dev_0049,8,8,0,26,11436,27645,39081,30,1382,1382,2234,30,28,725,1549,2247.938068151474,OK
langmem,30,dev_0050,8,8,0,32,14528,35659,50187,24,1037,1037,2241,24,24,453,1307,2858.6137104034424,OK
langmem,31,dev_0051,9,9,0,30,15652,31870,47522,33,1560,1560,3032,33,32,843,1829,2562.8534948825836,OK
langmem,32,dev_0052,9,9,0,33,16102,36235,52337,30,1351,1351,2907,30,29,660,1629,2921.8145837783813,OK
langmem,33,dev_0054,10,10,0,31,13952,32271,46223,39,1888,1888,2953,39,38,1109,2210,2597.9427976608276,OK
langmem,34,dev_0055,8,8,0,26,12255,27483,39738,30,1401,1401,2545,30,30,781,1708,2222.3103699684143,OK
langmem,35,dev_0056,9,9,0,33,13676,36045,49721,29,1365,1365,2509,29,28,665,1597,2873.009206056595,OK
langmem,36,dev_0058,7,7,0,26,13516,27768,41284,24,1054,1054,2287,24,24,535,1294,2232.058959007263,OK
langmem,37,dev_0059,8,8,0,29,12593,31468,44061,27,1162,1162,2008,27,27,556,1449,2504.144997358322,OK
langmem,38,dev_0060,10,10,0,35,15846,37104,52950,36,1627,1627,2750,36,36,863,1993,2977.6561558246613,OK
langmem,39,dev_0062,7,7,0,28,14426,31227,45653,21,941,941,2261,21,21,429,1188,2486.1510586738586,OK
langmem,40,dev_0063,9,9,0,36,17358,40150,57508,26,1137,1137,2705,26,26,508,1436,3238.8146529197693,OK
langmem,41,dev_0065,9,9,0,33,14785,36034,50819,30,1326,1326,2435,30,30,665,1653,2879.448825120926,OK
langmem,42,dev_0066,9,9,0,34,15036,36983,52019,30,1344,1344,2488,30,30,687,1665,2972.7847979068756,OK
langmem,43,dev_0068,6,6,0,24,10412,26794,37206,18,830,830,1628,18,18,396,1036,2124.165636062622,OK
langmem,44,dev_0070,10,10,0,31,14233,32319,46552,39,1873,1873,3067,39,38,1080,2199,2605.2656905651093,OK
langmem,45,dev_0071,10,10,0,34,15380,36292,51672,36,1602,1602,2893,36,36,853,1954,2933.8714768886566,OK
langmem,46,dev_0072,6,6,0,21,13575,22634,36209,21,991,991,2588,21,21,545,1209,1798.3093919754028,OK
langmem,47,dev_0073,9,9,0,36,17526,40069,57595,26,1141,1141,2737,26,26,513,1440,3189.8136529922485,OK
langmem,48,dev_0074,6,6,0,21,10289,22646,32935,21,957,957,1740,21,20,478,1117,1827.5427746772766,OK
langmem,49,dev_0075,8,8,0,26,14996,27517,42513,29,1454,1454,2927,29,28,840,1673,2193.2692992687225,OK
langmem,50,dev_0076,8,8,0,27,10352,28295,38647,28,1327,1327,1836,28,27,735,1529,2255.21173787117,OK
langmem,51,dev_0078,5,5,0,20,8526,22262,30788,15,677,677,1259,15,15,309,846,1772.8885662555695,OK
langmem,52,dev_0079,10,10,0,40,20624,44532,65156,30,1367,1367,3294,30,30,636,1696,3576.669302225113,OK
langmem,53,dev_0080,8,8,0,29,15845,31622,47467,27,1302,1302,2848,27,27,710,1575,2560.841475009918,OK
langmem,54,dev_0081,9,9,0,33,17704,36072,53776,30,1411,1411,2932,30,30,746,1714,2884.1923253536224,OK
langmem,55,dev_0082,9,9,0,33,15063,35704,50767,25,1059,1059,2323,25,25,466,1336,2888.5322980880737,OK
langmem,56,dev_0083,7,7,0,25,12619,27004,39623,22,994,994,2280,22,22,534,1208,2182.0115377902985,OK
langmem,57,dev_0084,7,7,0,28,15066,31281,46347,21,1024,1024,2431,21,21,516,1269,2524.6587920188904,OK
langmem,58,dev_0085,7,7,0,28,13790,31131,44921,21,900,900,2181,21,21,383,1135,2514.054533958435,OK
langmem,59,dev_0086,8,8,0,32,14448,35705,50153,24,1063,1063,2152,24,24,480,1340,2852.1720576286316,OK
langmem,60,dev_0087,10,10,0,34,16842,36487,53329,35,1652,1652,3189,35,35,918,2001,2946.9416518211365,OK
langmem,61,dev_0088,9,9,0,31,13338,32506,45844,33,1427,1427,2388,33,33,735,1754,2593.4496507644653,OK
langmem,62,dev_0089,8,8,0,26,10799,27277,38076,30,1293,1293,2018,30,30,697,1583,2198.4871010780334,OK
langmem,63,dev_0090,8,8,0,26,13316,27462,40778,30,1418,1418,2923,30,30,817,1709,2224.446395635605,OK
langmem,64,dev_0091,8,8,0,29,12849,31835,44684,27,1293,1293,2075,27,27,710,1566,2544.081161260605,OK
langmem,65,dev_0092,7,7,0,28,11662,31214,42876,21,898,898,1699,21,21,388,1129,2523.447738170624,OK
langmem,66,dev_0093,6,6,0,24,12060,26789,38849,18,817,817,1914,18,18,382,1025,2153.979395389557,OK
langmem,67,dev_0094,9,9,0,33,15533,35909,51442,30,1325,1325,2667,30,30,658,1636,2896.4341270923615,OK
langmem,68,dev_0095,5,5,0,17,8254,18430,26684,18,825,825,1656,18,17,407,939,1496.606719493866,OK
langmem,69,dev_0096,6,6,0,24,10664,26760,37424,18,783,783,1662,18,18,346,992,2126.1086163520813,OK
langmem,70,dev_0097,10,10,0,40,16940,44640,61580,29,1315,1315,2498,29,29,605,1648,3561.3414726257324,OK
langmem,71,dev_0098,5,5,0,17,8070,18129,26199,18,798,798,1494,18,18,429,978,1438.719043970108,OK
langmem,72,dev_0099,9,9,0,33,17453,36025,53478,30,1392,1392,3119,30,30,732,1712,2901.8927104473114,OK
langmem,73,dev_0100,5,5,0,20,8938,22254,31192,15,643,643,1410,15,15,277,812,1780.386522769928,OK
langmem,74,dev_0102,10,10,0,37,15226,40417,55643,33,1468,1468,2480,33,33,730,1804,3228.1844687461853,OK
langmem,75,dev_0103,9,9,0,30,15149,32171,47320,33,1540,1540,2830,33,33,867,1870,2609.575865983963,OK
langmem,76,dev_0104,6,6,0,21,9442,22551,31993,21,919,919,1786,21,21,482,1125,1790.7772378921509,OK
langmem,77,dev_0105,9,9,0,35,14571,38475,53046,30,1345,1345,2229,30,30,661,1671,3093.80300283432,OK
langmem,78,dev_0107,8,8,0,26,13428,27763,41191,30,1396,1396,2586,30,30,799,1679,2237.2081990242004,OK
langmem,79,dev_0108,9,9,0,30,14477,32022,46499,32,1493,1493,2693,32,32,811,1806,2563.2939505577087,OK
langmem,80,dev_0109,10,10,0,40,21872,44651,66523,30,1353,1353,3593,30,30,622,1691,3561.6950240135193,OK
langmem,81,dev_0110,9,9,0,30,10834,31808,42642,33,1459,1459,2043,33,33,799,1777,2568.9011533260345,OK
langmem,82,dev_0111,10,10,0,37,13971,40624,54595,32,1491,1491,2328,32,32,769,1834,3263.0451974868774,OK
langmem,83,dev_0112,7,7,0,23,10015,24145,34160,27,1276,1276,1902,27,27,748,1542,1927.4889731407166,OK
langmem,84,dev_0113,7,7,0,28,13286,31192,44478,21,907,907,2067,21,21,393,1145,2514.9384474754333,OK
langmem,85,dev_0114,6,6,0,18,6353,18824,25177,24,1192,1192,1361,24,24,738,1419,1518.9572014808655,OK
langmem,86,dev_0115,5,5,0,19,9198,20554,29752,18,795,795,1561,18,18,425,977,1627.2822031974792,OK
langmem,87,dev_0116,7,7,0,25,10522,26749,37271,20,846,846,1567,20,19,349,1000,2168.4622983932495,OK
langmem,88,dev_0117,7,7,0,22,10702,22861,33563,27,1208,1208,2206,27,26,652,1427,1845.9090077877045,OK
langmem,89,dev_0118,10,10,0,34,15525,36513,52038,36,1692,1692,2998,36,35,912,2013,2946.500093460083,OK
langmem,90,dev_0119,9,9,0,27,13604,28094,41698,36,1662,1662,2937,36,35,949,1944,2263.2633452415466,OK
langmem,91,dev_0120,5,5,0,20,10390,22296,32686,15,699,699,1605,15,15,339,862,1803.0387070178986,OK
langmem,92,dev_0122,5,5,0,20,10430,22363,32793,15,684,684,1673,15,15,323,870,1819.7498562335968,OK
langmem,93,dev_0124,6,6,0,24,10980,26711,37691,18,784,784,1717,18,18,345,981,2166.8457214832306,OK
langmem,94,dev_0126,10,10,0,37,20291,40468,60759,33,1512,1512,3575,33,33,775,1869,3256.4348089694977,OK
langmem,95,dev_0127,5,5,0,20,13774,22246,36020,15,641,641,2385,15,15,279,804,1781.7882761955261,OK
langmem,96,dev_0128,8,8,0,32,16280,35797,52077,24,1159,1159,2573,24,24,576,1440,2881.0875158309937,OK
langmem,97,dev_0130,6,6,0,24,9964,26758,36722,16,750,750,1467,16,16,356,927,2167.315855026245,OK
langmem,98,dev_0131,8,8,0,29,13853,31804,45657,27,1306,1306,2377,27,27,709,1586,2573.4404168128967,OK
langmem,99,dev_0132,10,10,0,37,16641,40636,57277,33,1543,1543,2879,33,33,809,1889,3292.5355863571167,OK
langmem,100,dev_0133,7,7,0,28,12558,31160,43718,21,908,908,1900,21,21,395,1143,2482.6113891601562,OK
langmem,101,dev_0134,8,8,0,29,12667,31482,44149,27,1200,1200,2124,27,27,598,1469,2522.681890964508,OK
langmem,102,dev_0135,6,6,0,15,7752,15036,22788,27,1347,1347,1950,27,25,798,1467,1196.2694404125214,OK
langmem,103,dev_0136,10,10,0,31,12859,32468,45327,39,1850,1850,2557,39,37,1024,2097,2591.4776186943054,OK
langmem,104,dev_0137,9,9,0,33,15625,36144,51769,30,1462,1462,2641,30,30,800,1778,2895.6890637874603,OK
langmem,105,dev_0138,6,6,0,24,12220,26772,38992,17,781,781,1975,17,17,365,961,2167.7158641815186,OK
langmem,106,dev_0139,7,7,0,19,10105,19141,29246,29,1417,1417,2238,29,28,865,1637,1531.14466547966,OK
langmem,107,dev_0140,9,9,0,30,13235,31134,44369,34,1670,1670,2458,34,34,1022,1997,2502.1805465221405,OK
langmem,108,dev_0142,10,10,0,40,16340,44518,60858,30,1273,1273,2415,30,30,543,1610,3599.775045633316,OK
langmem,109,dev_0143,9,9,0,36,16310,40180,56490,27,1207,1207,2527,27,27,553,1507,3219.294286251068,OK
langmem,110,dev_0144,8,8,0,32,14852,35582,50434,24,1040,1040,2282,24,24,453,1302,2877.505115747452,OK
langmem,111,dev_0145,10,10,0,35,14522,37094,51616,32,1483,1483,2461,32,32,785,1806,2999.990493774414,OK
langmem,112,dev_0146,5,5,0,15,9131,15196,24327,21,953,953,2026,21,20,540,1097,1235.8509392738342,OK
langmem,113,dev_0147,10,10,0,37,16704,40457,57161,33,1483,1483,2907,33,33,748,1842,3272.411241054535,OK
langmem,114,dev_0148,7,7,0,22,9852,23047,32899,27,1167,1167,1934,27,26,620,1380,1859.277771472931,OK
langmem,115,dev_0149,10,10,0,40,18720,44592,63312,30,1354,1354,2901,30,30,631,1695,3560.5517103672028,OK
langmem,116,dev_0150,10,10,0,37,14205,40277,54482,32,1365,1365,2490,32,32,651,1693,3215.721045255661,OK
langmem,117,dev_0152,10,10,0,40,15824,44549,60373,29,1227,1227,2285,29,29,528,1550,3581.020432949066,OK
langmem,118,dev_0153,7,7,0,28,13438,31201,44639,21,926,926,2089,21,21,418,1157,2493.636702775955,OK
langmem,119,dev_0154,7,7,0,25,13393,27284,40677,24,1070,1070,2325,24,24,551,1299,2198.0874876976013,OK
langmem,120,dev_0155,10,10,0,37,17205,40481,57686,32,1446,1446,3146,32,31,694,1711,3269.9347252845764,OK
langmem,121,dev_0156,9,9,0,36,15214,40134,55348,27,1193,1193,2298,27,27,538,1499,3227.311159133911,OK
langmem,122,dev_0158,7,7,0,25,8889,27052,35941,24,1091,1091,1524,24,23,541,1289,2171.2741174697876,OK
langmem,123,dev_0160,6,6,0,24,9068,26715,35783,18,778,778,1291,18,18,340,982,2147.622941493988,OK
langmem,124,dev_0161,6,6,0,24,9836,26721,36557,18,771,771,1462,18,18,333,979,2139.831149816513,OK
langmem,125,dev_0162,10,10,0,37,16471,40340,56811,31,1389,1389,2754,31,31,704,1706,3261.646734714508,OK
langmem,126,dev_0163,8,8,0,29,15485,31516,47001,27,1236,1236,2774,27,27,651,1521,2532.2426965236664,OK
langmem,127,dev_0164,5,5,0,17,7865,18387,26252,18,845,845,1452,18,18,473,1021,1474.1770555973053,OK
langmem,128,dev_0165,7,7,0,25,13088,27097,40185,24,1136,1136,2400,24,24,627,1381,2180.352487564087,OK
langmem,129,dev_0166,8,8,0,29,12851,31464,44315,27,1188,1188,2267,27,27,596,1480,2532.18266248703,OK
langmem,130,dev_0168,5,5,0,20,11742,22278,34020,15,677,677,1965,15,15,311,844,1790.4819645881653,OK
langmem,131,dev_0169,6,6,0,18,9155,18500,27655,24,1141,1141,2053,24,22,626,1260,1487.783317565918,OK
langmem,132,dev_0170,7,7,0,26,10106,27817,37923,24,1078,1078,1654,24,24,560,1332,2236.574781894684,OK
langmem,133,dev_0171,6,6,0,24,10484,26760,37244,18,772,772,1567,18,18,338,979,2146.9376335144043,OK
langmem,134,dev_0172,6,6,0,18,9700,18607,28307,24,1203,1203,2096,24,24,743,1444,1494.4262399673462,OK
langmem,135,dev_0173,5,5,0,20,7430,22207,29637,15,642,642,1025,15,15,278,819,1778.4927725791931,OK
langmem,136,dev_0174,7,7,0,25,11817,27258,39075,24,1204,1204,2158,24,24,689,1461,2188.3937854766846,OK
langmem,137,dev_0175,8,8,0,26,10487,27434,37921,28,1332,1332,2154,28,28,790,1604,2202.03928732872,OK
langmem,138,dev_0176,8,8,0,29,14158,31507,45665,27,1188,1188,2476,27,27,601,1461,2496.8194768428802,OK
langmem,139,dev_0177,8,8,0,32,14268,35609,49877,24,1019,1019,2207,24,24,437,1300,2752.099948167801,OK
langmem,140,dev_0178,9,9,0,27,12823,27527,40350,31,1399,1399,2575,31,31,781,1701,2190.7880623340607,OK
langmem,141,dev_0179,10,10,0,38,17286,41437,58723,33,1478,1478,2805,33,33,744,1832,3026.7286570072174,OK
langmem,142,dev_0180,5,5,0,17,9222,18389,27611,18,874,874,1640,18,18,483,1061,1480.9557087421417,OK
langmem,143,dev_0181,7,7,0,25,11915,27226,39141,24,1192,1192,2088,24,24,679,1430,2163.599067926407,OK
langmem,144,dev_0182,6,6,0,24,12456,26719,39175,18,773,773,1994,18,18,338,980,2122.3712606430054,OK
langmem,145,dev_0183,8,8,0,26,11809,27758,39567,30,1350,1350,2290,30,30,765,1652,2203.358256340027,OK
langmem,146,dev_0184,9,9,0,30,12232,32129,44361,31,1409,1409,2226,31,30,716,1673,2501.303026676178,OK
langmem,147,dev_0186,6,6,0,22,11496,23175,34671,18,790,790,1850,18,18,383,986,1863.6910798549652,OK
langmem,148,dev_0187,7,7,0,28,13862,31224,45086,21,954,954,2224,21,21,448,1190,2430.581611394882,OK
langmem,149,dev_0189,5,5,0,17,7227,18190,25417,18,870,870,1423,18,18,502,1045,1460.7881989479065,OK
langmem,150,dev_0190,9,9,0,31,16175,32943,49118,33,1625,1625,2905,33,33,945,1951,2539.810477733612,OK
langmem,151,dev_0192,8,8,0,32,14772,35707,50479,24,1074,1074,2340,24,24,490,1336,2703.492272377014,OK
langmem,152,dev_0193,8,8,0,29,16468,31559,48027,26,1230,1230,2845,26,26,662,1482,2453.165846347809,OK
langmem,153,dev_0194,7,7,0,25,10917,27061,37978,24,1075,1075,1997,24,24,561,1327,2141.0367743968964,OK
langmem,154,dev_0195,9,9,0,35,16777,38519,55296,29,1354,1354,2772,29,29,718,1667,2841.9676852226257,OK
langmem,155,dev_0196,7,7,0,22,11168,23232,34400,26,1340,1340,2353,26,25,786,1519,1862.7054147720337,OK
langmem,156,dev_0197,5,5,0,12,6144,10919,17063,24,1154,1154,1681,24,24,767,1349,872.3232865333557,OK
langmem,157,dev_0198,5,5,0,17,9218,18286,27504,18,934,934,1777,18,18,560,1123,1469.7382652759552,OK
langmem,158,dev_0199,8,8,0,32,13796,35744,49540,23,1033,1033,2024,23,23,473,1307,2681.3948414325714,OK
langmem,159,dev_0200,8,8,0,24,10137,24848,34985,32,1680,1680,1982,32,31,1061,1917,1958.978767156601,OK
langmem,160,dev_0201,10,10,0,40,21440,44569,66009,29,1283,1283,3444,29,29,578,1606,2968.528044462204,OK
langmem,161,dev_0202,7,7,0,19,11204,19319,30523,30,1456,1456,2591,30,30,926,1710,1559.226879119873,OK
langmem,162,dev_0203,6,6,0,22,11918,23345,35263,21,969,969,2069,21,21,516,1196,1849.1095688343048,OK
langmem,163,dev_0204,8,8,0,27,12119,28236,40355,28,1255,1255,2099,28,28,695,1533,2183.8000695705414,OK
langmem,164,dev_0205,10,10,0,37,19533,40380,59913,33,1463,1463,3384,33,33,728,1808,2804.455547094345,OK
langmem,165,dev_0206,6,6,0,18,9943,18586,28529,24,1178,1178,2078,24,24,726,1403,1498.9961009025574,OK
langmem,166,dev_0207,8,8,0,23,11568,23221,34789,33,1487,1487,2466,33,33,876,1794,1838.4226548671722,OK
langmem,167,dev_0210,9,9,0,33,17150,36293,53443,30,1411,1411,3079,30,30,751,1721,2620.439063310623,OK
langmem,168,dev_0211,8,8,0,23,12553,23230,35783,33,1521,1521,2999,33,29,782,1616,1839.5607736110687,OK
langmem,169,dev_0212,10,10,0,28,11990,28399,40389,42,1887,1887,2803,42,40,1074,2168,2186.3775703907013,OK
langmem,170,dev_0213,7,7,0,25,10955,27083,38038,24,1093,1093,1959,24,24,575,1341,2101.4229369163513,OK
langmem,171,dev_0214,7,7,0,25,12907,27055,39962,24,1075,1075,2277,24,24,555,1330,2098.276298761368,OK
langmem,172,dev_0215,6,6,0,15,7848,14215,22063,24,1125,1125,1770,24,23,680,1292,1146.599547624588,OK
langmem,173,dev_0216,7,7,0,26,10828,27885,38713,24,1118,1118,1792,24,24,598,1367,2148.8488550186157,OK
langmem,174,dev_0217,10,10,0,40,18368,44589,62957,30,1318,1318,2785,30,30,586,1654,2925.355692625046,OK
langmem,175,dev_0218,8,8,0,30,16818,32463,49281,27,1209,1209,2915,27,27,609,1506,2416.55077958107,OK
langmem,176,dev_0219,10,10,0,34,17004,36423,53427,36,1693,1693,3222,36,35,913,1999,2616.262410879135,OK
langmem,177,dev_0220,8,8,0,26,11517,27308,38825,30,1344,1344,2303,30,30,751,1636,2103.1180589199066,OK
langmem,178,dev_0221,10,10,0,37,19321,40361,59682,33,1467,1467,3352,33,33,737,1822,2765.9989738464355,OK
langmem,179,dev_0222,5,5,0,17,7687,18260,25947,18,777,777,1539,18,18,408,966,1465.4831960201263,OK
langmem,180,dev_0223,8,8,0,29,12364,31551,43915,27,1200,1200,2119,27,27,614,1468,2352.2448132038116,OK
langmem,181,dev_0224,5,5,0,20,12490,22317,34807,15,730,730,2081,15,15,362,901,1760.0519151687622,OK
langmem,182,dev_0226,8,8,0,32,14424,35717,50141,24,1059,1059,2180,24,24,475,1335,2560.8224210739136,OK
langmem,183,dev_0227,6,6,0,18,9703,18469,28172,24,1092,1092,2103,24,23,599,1258,1479.4859092235565,OK
langmem,184,dev_0228,5,5,0,14,6163,13624,19787,12,589,589,1017,12,10,270,592,1095.081003189087,OK
langmem,185,dev_0230,10,10,0,36,17033,38662,55695,36,1657,1657,2956,36,35,884,1969,2660.6882693767548,OK
langmem,186,dev_0231,6,6,0,24,11960,26738,38698,18,812,812,1859,18,18,376,1019,2033.429963350296,OK
langmem,187,dev_0233,6,6,0,19,10047,19652,29699,24,1121,1121,1887,24,23,634,1299,1550.966500043869,OK
langmem,188,dev_0234,6,6,0,12,6779,10244,17023,30,1435,1435,1995,30,27,869,1524,834.6332449913025,OK
langmem,189,dev_0236,8,8,0,32,14628,35652,50280,24,1050,1050,2294,24,24,468,1316,2445.0526673793793,OK
langmem,190,dev_0238,7,7,0,22,10174,23402,33576,27,1290,1290,2001,27,26,725,1486,1804.7546174526215,OK
langmem,191,dev_0239,7,7,0,22,10381,23193,33574,26,1227,1227,2123,26,26,702,1487,1786.3597588539124,OK
langmem,192,dev_0240,9,9,0,33,17521,35879,53400,28,1288,1288,2978,28,28,662,1605,2448.119107246399,OK
langmem,193,dev_0241,10,10,0,37,17101,40430,57531,32,1427,1427,2976,32,32,729,1759,2601.582637310028,OK
langmem,194,dev_0242,10,10,0,40,18776,44602,63378,29,1275,1275,2889,29,29,572,1602,2701.904625892639,OK
langmem,195,dev_0243,7,7,0,26,13136,28022,41158,24,1054,1054,2146,24,24,518,1312,2071.377658367157,OK
langmem,196,dev_0244,10,10,0,40,19932,44603,64535,30,1331,1331,3105,30,30,605,1663,2696.538696050644,OK
langmem,197,dev_0246,9,9,0,36,21198,40118,61316,27,1215,1215,3528,27,27,561,1527,2585.3855628967285,OK
langmem,198,dev_0247,9,9,0,30,11271,32121,43392,33,1496,1496,1906,33,33,819,1831,2280.8969383239746,OK
langmem,199,dev_0249,9,9,0,32,16480,34263,50743,33,1582,1582,2936,33,33,907,1909,2364.5982851982117,OK
langmem,200,dev_0250,9,9,0,30,13931,31998,45929,33,1508,1508,2699,33,33,835,1828,2264.277769088745,OK
langmem,201,dev_0251,7,7,0,25,11607,27285,38892,24,1092,1092,2126,24,24,580,1329,2016.9659736156464,OK
langmem,202,dev_0252,9,9,0,33,13920,35952,49872,30,1339,1339,2437,30,29,639,1606,2422.454649448395,OK
langmem,203,dev_0254,7,7,0,25,11799,27302,39101,24,1072,1072,2129,24,24,549,1310,2018.2334518432617,OK
langmem,204,dev_0255,5,5,0,20,7966,22267,30233,15,657,657,1162,15,15,293,828,1709.180178642273,OK
langmem,205,dev_0256,9,9,0,30,15494,32046,47540,33,1502,1502,2952,33,33,796,1847,2255.082821369171,OK
langmem,206,dev_0258,9,9,0,33,17744,36029,53773,30,1367,1367,3123,30,30,714,1687,2419.291105031967,OK
langmem,207,dev_0260,8,8,0,27,16206,28284,44490,28,1365,1365,2916,28,27,744,1581,2064.8311381340027,OK
langmem,208,dev_0261,6,6,0,18,6619,18496,25115,24,1075,1075,1384,24,22,534,1208,1450.5379462242126,OK
langmem,209,dev_0262,7,7,0,21,8110,21551,29661,29,1375,1375,1748,29,29,833,1627,1656.1661887168884,OK
langmem,210,dev_0266,9,9,0,36,21846,40150,61996,27,1257,1257,3645,27,27,598,1579,2539.9225766658783,OK
langmem,211,dev_0267,8,8,0,24,12217,24574,36791,34,1667,1667,2570,34,33,988,1954,1844.162314414978,OK
langmem,212,dev_0268,7,7,0,28,11662,31218,42880,21,922,922,1740,21,21,407,1165,2201.5087563991547,OK
langmem,213,dev_0270,6,6,0,21,11291,22614,33905,20,956,956,2095,20,20,534,1168,1724.7376518249512,OK
langmem,214,dev_0271,10,10,0,40,14152,44400,58552,29,1209,1209,1984,29,29,503,1534,2544.833937883377,OK
langmem,215,dev_0272,6,6,0,21,9582,22712,32294,21,1021,1021,1738,21,20,539,1179,1696.6134412288666,OK
langmem,216,dev_0273,5,5,0,17,7881,18256,26137,18,879,879,1510,18,18,505,1066,1397.2526352405548,OK
langmem,217,dev_0274,7,7,0,28,12186,31132,43318,21,924,924,1808,21,21,415,1168,2079.8363494873047,OK
langmem,218,dev_0276,8,8,0,31,18643,33854,52497,27,1233,1233,3166,27,27,655,1495,2173.5652248859406,OK
langmem,219,dev_0277,9,9,0,25,12767,24671,37438,39,1900,1900,3312,39,37,1168,2130,1772.8208360671997,OK
langmem,220,dev_0278,8,8,0,32,14808,35580,50388,24,1002,1002,2285,24,24,423,1282,2227.4372079372406,OK
langmem,221,dev_0279,7,7,0,28,15126,31209,46335,21,968,968,2349,21,21,457,1213,2072.0024507045746,OK
langmem,222,dev_0280,8,8,0,32,15764,35641,51405,24,1080,1080,2475,24,24,496,1352,2226.285915851593,OK
langmem,223,dev_0281,10,10,0,37,17215,40367,57582,33,1439,1439,2915,33,32,677,1724,2338.4267132282257,OK
langmem,224,dev_0282,5,5,0,11,5128,10018,15146,24,1097,1097,1504,24,24,685,1315,809.7872354984283,OK
langmem,225,dev_0283,5,5,0,20,9766,22247,32013,15,644,644,1601,15,15,276,800,1630.3104329109192,OK
langmem,226,dev_0284,5,5,0,20,9502,22263,31765,13,629,629,1491,13,13,317,778,1630.3966355323792,OK
langmem,227,dev_0285,10,10,0,38,18634,41260,59894,33,1528,1528,3073,33,33,791,1862,2348.6515929698944,OK
langmem,228,dev_0286,9,9,0,34,15898,36729,52627,29,1303,1303,2515,29,29,654,1605,2229.6310234069824,OK
langmem,229,dev_0290,5,5,0,17,9236,18413,27649,18,842,842,1791,18,18,473,1034,1389.4799284934998,OK
langmem,230,dev_0291,5,5,0,14,5689,14237,19926,21,989,989,1440,21,21,587,1188,1107.0727307796478,OK
langmem,231,dev_0292,9,9,0,33,16899,36032,52931,30,1376,1376,3117,30,30,708,1691,2195.5808365345,OK
langmem,232,dev_0293,6,6,0,24,9908,26765,36673,18,782,782,1454,18,18,342,990,1840.9642252922058,OK
langmem,233,dev_0294,6,6,0,24,10776,26750,37526,18,797,797,1622,18,18,353,1013,1837.9116230010986,OK
langmem,234,dev_0295,8,8,0,29,14222,31564,45786,27,1232,1232,2427,27,27,638,1510,2033.113686800003,OK
langmem,235,dev_0296,7,7,0,26,13632,28057,41689,24,1129,1129,2282,24,24,587,1402,1886.3724229335785,OK
langmem,236,dev_0297,8,8,0,23,10573,22387,32960,36,1646,1646,2197,36,32,882,1754,1611.7529921531677,OK
langmem,237,dev_0298,5,5,0,16,6406,16457,22863,21,946,946,1120,21,21,566,1130,1236.314817905426,OK
langmem,238,dev_0300,9,9,0,26,13644,26559,40203,38,1997,1997,3179,38,34,1198,2102,1731.9800243377686,OK
langmem,239,dev_0302,6,6,0,18,10160,18667,28827,23,1124,1124,2026,23,23,677,1347,1339.021363735199,OK
langmem,240,dev_0303,10,10,0,33,17260,34802,52062,39,1906,1906,3395,39,35,988,2038,1975.0927510261536,OK
langmem,241,dev_0304,8,8,0,23,11054,23487,34541,32,1523,1523,2403,32,32,921,1822,1583.7635161876678,OK
langmem,242,dev_0305,5,5,0,20,11738,22356,34094,15,702,702,1977,15,15,341,867,1522.8187806606293,OK
langmem,243,dev_0306,7,7,0,16,7883,15229,23112,33,1651,1651,2427,33,32,1060,1856,1128.5326857566833,OK
langmem,244,dev_0307,6,6,0,18,8509,18757,27266,24,1131,1131,1832,24,23,640,1311,1334.6535737514496,OK
langmem,245,dev_0308,5,5,0,18,6932,19150,26082,18,822,822,1193,18,18,441,1006,1353.9115917682648,OK
langmem,246,dev_0309,9,9,0,33,15630,36047,51677,29,1328,1328,2908,29,29,666,1650,1975.5943021774292,OK
langmem,247,dev_0310,6,6,0,24,11812,26670,38482,18,790,790,1837,18,18,351,997,1701.1400039196014,OK
langmem,248,dev_0313,9,9,0,36,14042,40086,54128,27,1174,1174,2035,27,27,516,1477,2051.0397667884827,OK
langmem,249,dev_0314,10,10,0,40,19788,44544,64332,30,1350,1350,3092,30,30,618,1682,2127.3427641391754,OK
langmem,250,dev_0315,7,7,0,28,13790,31243,45033,21,968,968,2205,21,21,462,1219,1855.8998279571533,OK
langmem,251,dev_0317,5,5,0,20,9406,22326,31732,14,648,648,1445,14,14,309,806,1506.2592587471008,OK
langmem,252,dev_0318,10,10,0,37,18543,40575,59118,32,1520,1520,3275,32,32,804,1861,2054.958197593689,OK
langmem,253,dev_0319,6,6,0,24,10992,26726,37718,18,784,784,1693,18,18,351,986,1695.3781452178955,OK
langmem,254,dev_0320,8,8,0,27,13804,28326,42130,30,1353,1353,2631,30,29,715,1576,1745.12074136734,OK
langmem,255,dev_0321,6,6,0,21,9027,22923,31950,21,1002,1002,1480,21,21,566,1220,1524.7215843200684,OK
langmem,256,dev_0322,10,10,0,37,17786,40435,58221,32,1404,1404,3112,32,32,687,1738,2013.7478287220001,OK
langmem,257,dev_0323,10,10,0,40,18628,44494,63122,30,1267,1267,2896,30,30,535,1597,2078.6587109565735,OK
langmem,258,dev_0325,7,7,0,28,12482,31174,43656,21,902,902,1921,21,21,394,1138,1789.7043652534485,OK
langmem,259,dev_0326,10,10,0,37,16578,40360,56938,33,1448,1448,2759,33,33,707,1795,1976.1826989650726,OK
langmem,260,dev_0327,8,8,0,26,14587,27146,41733,25,1156,1156,2663,25,25,620,1420,1650.5686464309692,OK
langmem,261,dev_0329,7,7,0,25,9486,27027,36513,24,1075,1075,1672,24,24,563,1330,1586.6053664684296,OK
langmem,262,dev_0330,7,7,0,25,11139,27161,38300,24,1057,1057,1921,24,23,500,1266,1549.3956546783447,OK
langmem,263,dev_0331,8,8,0,32,16700,35665,52365,24,1064,1064,2725,24,24,481,1334,1740.3659126758575,OK
langmem,264,dev_0332,8,8,0,23,9538,23514,33052,31,1516,1516,2310,31,29,891,1685,1425.4078693389893,OK
mem0,0,dev_0003,6,6,0,12,20124,5168,25292,49,447,447,2214,52,34,314,3814,148.53861546516418,OK
mem0,1,dev_0004,2,2,0,4,6456,929,7385,18,196,196,770,14,7,80,926,29.374785900115967,OK
mem0,2,dev_0008,5,5,0,10,16826,4093,20919,35,346,346,1869,35,35,346,3941,119.22269463539124,OK
mem0,3,dev_0009,6,6,0,12,20205,4746,24951,43,370,370,2363,41,33,296,3821,138.50149297714233,OK
mem0,4,dev_0014,6,6,0,12,20189,4568,24757,36,353,353,2354,33,31,328,3553,131.5154857635498,OK
mem0,5,dev_0015,10,10,0,20,35270,10473,45743,73,685,685,4158,67,63,604,7124,301.18381524086,OK
mem0,6,dev_0020,10,10,0,20,32485,7733,40218,59,506,506,2860,56,53,472,5932,222.69760417938232,OK
mem0,7,dev_0021,9,9,0,18,29439,7132,36571,55,514,514,2733,52,50,462,5642,205.89416241645813,OK
mem0,8,dev_0022,9,9,0,18,29175,5960,35135,45,452,452,2785,41,40,422,4499,174.26421880722046,OK
mem0,9,dev_0025,8,8,0,16,25196,6085,31281,50,351,351,1818,45,42,299,4651,177.1205244064331,OK
mem0,10,dev_0027,7,7,0,14,21293,3905,25198,31,240,240,1326,31,31,240,3402,113.76755261421204,OK
mem0,11,dev_0028,9,9,0,18,28738,6196,34934,53,438,438,2559,46,45,381,5007,181.42527866363525,OK
mem0,12,dev_0029,8,8,0,16,26254,5758,32012,47,483,483,2570,42,37,362,4242,167.9892861843109,OK
mem0,13,dev_0030,10,10,0,20,32087,6925,39012,53,462,462,2876,52,49,441,5539,193.35572957992554,OK
mem0,14,dev_0031,10,10,0,20,31095,5697,36792,45,341,341,2552,45,44,334,4884,152.94423151016235,OK
mem0,15,dev_0032,7,7,0,14,23385,6550,29935,57,537,537,2294,55,49,451,5564,155.00111413002014,OK
mem0,16,dev_0035,6,6,0,12,19136,4542,23678,41,334,334,1608,41,41,334,4519,97.11279129981995,OK
mem0,17,dev_0036,5,5,0,10,15203,2426,17629,24,201,201,1145,24,24,201,2653,69.45636749267578,OK
mem0,18,dev_0037,5,5,0,10,15422,3130,18552,30,231,231,1050,30,30,231,3323,90.26043558120728,OK
mem0,19,dev_0038,5,5,0,10,16909,4756,21665,43,467,467,1736,43,41,441,4642,139.79324531555176,OK
mem0,20,dev_0039,6,6,0,12,19641,4527,24168,39,350,350,1925,45,32,268,3578,131.39361953735352,OK
mem0,21,dev_0040,10,10,0,20,31133,6178,37311,48,427,427,2256,47,42,382,4767,178.9698486328125,OK
mem0,22,dev_0041,10,10,0,20,31804,6601,38405,50,435,435,2688,47,44,373,4923,189.9736077785492,OK
mem0,23,dev_0042,8,8,0,16,27191,7163,34354,61,566,566,3116,59,52,499,5918,208.14042973518372,OK
mem0,24,dev_0044,8,8,0,16,26088,6127,32215,47,386,386,2456,47,47,386,5191,176.61104249954224,OK
mem0,25,dev_0045,5,5,0,10,16352,3367,19719,29,241,241,1805,28,27,226,3002,97.91816878318787,OK
mem0,26,dev_0046,6,6,0,12,19628,3864,23492,37,450,450,2079,28,27,333,3096,114.24299311637878,OK
mem0,27,dev_0047,6,6,0,12,20033,4868,24901,41,390,390,2161,41,41,390,4594,143.92099571228027,OK
mem0,28,dev_0048,7,7,0,14,21387,3374,24761,29,225,225,1678,29,29,225,3218,99.3727662563324,OK
mem0,29,dev_0049,8,8,0,16,25477,5469,30946,42,367,367,2234,41,39,326,4322,158.14738607406616,OK
mem0,30,dev_0050,8,8,0,16,25327,4879,30206,38,330,330,2241,37,36,318,4029,142.3075909614563,OK
mem0,31,dev_0051,9,9,0,18,29600,6693,36293,55,498,498,3032,53,53,476,5883,195.20195245742798,OK
mem0,32,dev_0052,9,9,0,18,29501,6637,36138,48,441,441,2907,46,43,388,4802,183.0682234764099,OK
mem0,33,dev_0054,10,10,0,20,32935,8332,41267,59,563,563,2953,57,57,538,6364,212.94370532035828,OK
mem0,34,dev_0055,8,8,0,16,26516,6356,32872,44,431,431,2545,43,43,429,4831,180.36852550506592,OK
mem0,35,dev_0056,9,9,0,18,28383,5333,33716,41,358,358,2509,40,40,351,4443,154.12060141563416,OK
mem0,36,dev_0058,7,7,0,14,22391,4121,26512,40,321,321,2287,35,30,239,3413,120.75934720039368,OK
mem0,37,dev_0059,8,8,0,16,25334,5660,30994,46,350,350,2008,45,44,338,4834,163.01547169685364,OK
mem0,38,dev_0060,10,10,0,20,32251,7258,39509,52,483,483,2750,52,51,472,5754,209.3251087665558,OK
mem0,39,dev_0062,7,7,0,14,23041,5174,28215,41,458,458,2261,38,34,380,3929,150.28347206115723,OK
mem0,40,dev_0063,9,9,0,18,29455,7150,36605,54,487,487,2705,55,50,451,5611,205.87647414207458,OK
mem0,41,dev_0065,9,9,0,18,28929,6550,35479,54,459,459,2435,50,47,405,5277,190.49844408035278,OK
mem0,42,dev_0066,9,9,0,18,28610,5708,34318,44,319,319,2488,46,39,289,4305,166.742369890213,OK
mem0,43,dev_0068,6,6,0,12,18849,3840,22689,35,265,265,1628,33,32,252,3538,112.36097645759583,OK
mem0,44,dev_0070,10,10,0,20,32863,8053,40916,59,555,555,3067,59,54,530,6102,233.77517318725586,OK
mem0,45,dev_0071,10,10,0,20,32340,7155,39495,56,498,498,2893,55,53,478,5942,208.77374243736267,OK
mem0,46,dev_0072,6,6,0,12,21135,6327,27462,58,571,571,2588,55,53,542,6014,178.73968482017517,OK
mem0,47,dev_0073,9,9,0,18,29624,7271,36895,59,525,525,2737,52,49,448,5521,192.92267537117004,OK
mem0,48,dev_0074,6,6,0,12,19104,3901,23005,38,314,314,1740,37,34,275,3823,94.75741505622864,OK
mem0,49,dev_0075,8,8,0,16,27474,7718,35192,59,575,575,2927,57,53,519,6026,162.70824241638184,OK
mem0,50,dev_0076,8,8,0,16,24325,3800,28125,34,265,265,1836,31,29,232,3234,68.92207145690918,OK
mem0,51,dev_0078,5,5,0,10,15521,2730,18251,26,207,207,1259,25,24,194,2678,55.89733266830444,OK
mem0,52,dev_0079,10,10,0,20,32892,7661,40553,59,558,558,3294,55,52,481,5867,150.5524513721466,OK
mem0,53,dev_0080,8,8,0,16,27045,7594,34639,59,500,500,2848,58,56,472,6184,149.65732336044312,OK
mem0,54,dev_0081,9,9,0,18,30512,8839,39351,71,631,631,2932,68,61,557,6915,174.67257022857666,OK
mem0,55,dev_0082,9,9,0,18,28729,6445,35174,50,405,405,2323,48,45,369,5031,127.61973857879639,OK
mem0,56,dev_0083,7,7,0,14,22699,4660,27359,46,422,422,2280,43,35,318,4004,94.15703177452087,OK
mem0,57,dev_0084,7,7,0,14,23121,6118,29239,62,468,468,2431,46,46,333,5021,123.00318837165833,OK
mem0,58,dev_0085,7,7,0,14,22560,4463,27023,38,328,328,2181,33,30,263,3408,87.737300157547,OK
mem0,59,dev_0086,8,8,0,16,25574,5636,31210,45,351,351,2152,44,44,344,4825,110.12141418457031,OK
mem0,60,dev_0087,10,10,0,20,32946,7713,40659,55,479,479,3189,54,52,462,5861,151.08617401123047,OK
mem0,61,dev_0088,9,9,0,18,28542,5541,34083,42,365,365,2388,37,37,333,4114,109.97059273719788,OK
mem0,62,dev_0089,8,8,0,16,25510,6488,31998,56,373,373,2018,52,51,338,5570,131.92614269256592,OK
mem0,63,dev_0090,8,8,0,16,26822,6521,33343,53,524,524,2923,47,43,414,4897,131.56437158584595,OK
mem0,64,dev_0091,8,8,0,16,25794,6607,32401,53,426,426,2075,52,52,424,5770,123.92255783081055,OK
mem0,65,dev_0092,7,7,0,14,21926,4327,26253,38,297,297,1699,35,29,233,3285,81.11869430541992,OK
mem0,66,dev_0093,6,6,0,12,19151,3408,22559,32,275,275,1914,33,26,218,2932,65.13220000267029,OK
mem0,67,dev_0094,9,9,0,18,29109,6434,35543,53,485,485,2667,49,41,394,4735,119.22609639167786,OK
mem0,68,dev_0095,5,5,0,10,16399,3653,20052,31,324,324,1656,30,27,267,3114,103.4707338809967,OK
mem0,69,dev_0096,6,6,0,12,19076,4211,23287,35,267,267,1662,33,33,255,3649,121.53466439247131,OK
mem0,70,dev_0097,10,10,0,20,31834,7012,38846,51,397,397,2498,50,49,384,5402,202.5553686618805,OK
mem0,71,dev_0098,5,5,0,10,15877,2836,18713,29,282,282,1494,26,25,248,2822,82.76171898841858,OK
mem0,72,dev_0099,9,9,0,18,30072,7086,37158,53,480,480,3119,50,47,442,5317,203.37459993362427,OK
mem0,73,dev_0100,5,5,0,10,15644,2714,18358,23,207,207,1410,23,22,201,2484,79.76598906517029,OK
mem0,74,dev_0102,10,10,0,20,31553,6462,38015,48,447,447,2480,47,44,411,4936,185.73274660110474,OK
mem0,75,dev_0103,9,9,0,18,29274,6196,35470,48,491,491,2830,49,44,457,4988,177.59427762031555,OK
mem0,76,dev_0104,6,6,0,12,19352,4546,23898,42,338,338,1786,41,39,315,4373,133.84522485733032,OK
mem0,77,dev_0105,9,9,0,18,28302,5776,34078,42,403,403,2229,40,39,351,4401,168.39548993110657,OK
mem0,78,dev_0107,8,8,0,16,26482,6540,33022,56,568,568,2586,51,45,434,5147,189.90753984451294,OK
mem0,79,dev_0108,9,9,0,18,28990,6348,35338,51,423,423,2693,50,47,400,5238,184.6483292579651,OK
mem0,80,dev_0109,10,10,0,20,33608,8897,42505,73,585,585,3593,71,64,515,7198,259.0670471191406,OK
mem0,81,dev_0110,9,9,0,18,28214,6130,34344,52,392,392,2043,50,48,368,5290,174.69014739990234,OK
mem0,82,dev_0111,10,10,0,20,30923,5603,36526,43,334,334,2328,40,38,314,4220,149.50047755241394,OK
mem0,83,dev_0112,7,7,0,14,22230,4635,26865,39,354,354,1902,38,37,340,4154,116.72339820861816,OK
mem0,84,dev_0113,7,7,0,14,22319,4488,26807,37,294,294,2067,36,36,280,3929,100.48552989959717,OK
mem0,85,dev_0114,6,6,0,12,18224,2565,20789,25,233,233,1361,19,19,193,2139,73.75459456443787,OK
mem0,86,dev_0115,5,5,0,10,16005,3024,19029,26,217,217,1561,25,24,205,2681,87.03966212272644,OK
mem0,87,dev_0116,7,7,0,14,21976,5111,27087,45,331,331,1567,45,42,319,4666,150.05830478668213,OK
mem0,88,dev_0117,7,7,0,14,22550,4852,27402,44,340,340,2206,42,40,306,4438,142.4258532524109,OK
mem0,89,dev_0118,10,10,0,20,32582,7492,40074,60,530,530,2998,57,55,491,6133,217.13397789001465,OK
mem0,90,dev_0119,9,9,0,18,29004,5541,34545,41,358,358,2937,41,41,358,4542,159.53821778297424,OK
mem0,91,dev_0120,5,5,0,10,16426,3374,19800,38,357,357,1605,24,21,240,2428,100.49234986305237,OK
mem0,92,dev_0122,5,5,0,10,16267,3723,19990,36,276,276,1673,36,36,276,3954,107.89877653121948,OK
mem0,93,dev_0124,6,6,0,12,19141,4231,23372,40,323,323,1717,40,40,323,4408,123.4177725315094,OK
mem0,94,dev_0126,10,10,0,20,33681,8394,42075,60,526,526,3575,60,56,499,6300,242.08835792541504,OK
mem0,95,dev_0127,5,5,0,10,16969,3321,20290,34,313,313,2385,40,22,227,2523,98.02414345741272,OK
mem0,96,dev_0128,8,8,0,16,26301,6344,32645,49,455,455,2573,49,47,439,5273,183.62287831306458,OK
mem0,97,dev_0130,6,6,0,12,18513,3004,21517,32,285,285,1467,26,26,235,2896,89.53694701194763,OK
mem0,98,dev_0131,8,8,0,16,26295,6461,32756,51,458,458,2377,48,43,407,4914,188.44581151008606,OK
mem0,99,dev_0132,10,10,0,20,32362,7727,40089,56,495,495,2879,55,54,482,5999,222.88330698013306,OK
mem0,100,dev_0133,7,7,0,14,22258,4473,26731,37,301,301,1900,34,34,285,3758,123.5366940498352,OK
mem0,101,dev_0134,8,8,0,16,25476,5243,30719,38,335,335,2124,38,38,335,4218,138.4409327507019,OK
mem0,102,dev_0135,6,6,0,12,19289,3547,22836,41,396,396,1950,34,32,291,3603,74.78240060806274,OK
mem0,103,dev_0136,10,10,0,20,31811,7170,38981,56,445,445,2557,54,50,393,5591,142.2917366027832,OK
mem0,104,dev_0137,9,9,0,18,29350,7167,36517,56,471,471,2641,54,51,433,5673,142.39235091209412,OK
mem0,105,dev_0138,6,6,0,12,19389,3816,23205,35,342,342,1975,35,34,327,3819,76.22818160057068,OK
mem0,106,dev_0139,7,7,0,14,22555,4697,27252,42,377,377,2238,40,38,350,4269,92.6808021068573,OK
mem0,107,dev_0140,9,9,0,18,28598,5852,34450,46,493,493,2458,44,40,419,4581,114.57749223709106,OK
mem0,108,dev_0142,10,10,0,20,31696,7054,38750,63,533,533,2415,50,44,370,5001,140.19168305397034,OK
mem0,109,dev_0143,9,9,0,18,28659,5943,34602,49,415,415,2527,50,44,392,4940,117.13581442832947,OK
mem0,110,dev_0144,8,8,0,16,25802,6042,31844,53,457,457,2282,46,44,376,4958,119.31588578224182,OK
mem0,111,dev_0145,10,10,0,20,31699,6971,38670,52,442,442,2461,51,48,419,5371,137.18239307403564,OK
mem0,112,dev_0146,5,5,0,10,16832,3819,20651,41,345,345,2026,39,35,286,3950,78.11181640625,OK
mem0,113,dev_0147,10,10,0,20,32105,6941,39046,51,425,425,2907,48,47,405,5239,137.6050112247467,OK
mem0,114,dev_0148,7,7,0,14,22326,4716,27042,37,320,320,1934,37,37,320,4149,93.91003751754761,OK
mem0,115,dev_0149,10,10,0,20,32444,7813,40257,60,437,437,2901,57,54,407,6040,154.63000988960266,OK
mem0,116,dev_0150,10,10,0,20,31097,5852,36949,45,336,336,2490,45,42,319,4665,110.25720453262329,OK
mem0,117,dev_0152,10,10,0,20,31212,6269,37481,44,330,330,2285,43,43,325,4741,116.1110954284668,OK
mem0,118,dev_0153,7,7,0,14,22685,5152,27837,42,371,371,2089,42,42,371,4651,97.03785681724548,OK
mem0,119,dev_0154,7,7,0,14,22813,5103,27916,46,328,328,2325,46,40,286,4450,146.45468640327454,OK
mem0,120,dev_0155,10,10,0,20,32654,7615,40269,60,520,520,3146,59,54,466,6049,219.72326731681824,OK
mem0,121,dev_0156,9,9,0,18,28597,6608,35205,56,444,444,2298,56,52,427,5800,191.80871200561523,OK
mem0,122,dev_0158,7,7,0,14,21462,4012,25474,31,239,239,1524,31,31,239,3426,116.94479322433472,OK
mem0,123,dev_0160,6,6,0,12,18258,2971,21229,30,210,210,1291,27,26,192,2861,86.78739142417908,OK
mem0,124,dev_0161,6,6,0,12,18635,3348,21983,30,243,243,1462,29,27,215,3030,98.51738595962524,OK
mem0,125,dev_0162,10,10,0,20,32037,6962,38999,49,417,417,2754,49,49,417,5459,200.2283182144165,OK
mem0,126,dev_0163,8,8,0,16,26825,7002,33827,60,508,508,2774,55,52,454,5841,204.60718369483948,OK
mem0,127,dev_0164,5,5,0,10,15689,2433,18122,22,215,215,1452,19,19,191,2152,72.05977773666382,OK
mem0,128,dev_0165,7,7,0,14,23041,5121,28162,42,401,401,2400,40,39,374,4346,152.28072023391724,OK
mem0,129,dev_0166,8,8,0,16,25495,5085,30580,51,434,434,2267,36,32,303,3642,149.68382382392883,OK
mem0,130,dev_0168,5,5,0,10,16652,3655,20307,35,314,314,1965,35,35,314,3890,107.18753790855408,OK
mem0,131,dev_0169,6,6,0,12,19721,4325,24046,37,330,330,2053,36,31,271,3525,127.21544623374939,OK
mem0,132,dev_0170,7,7,0,13,19896,3702,23598,30,259,259,1654,29,29,246,3210,108.14104413986206,OK
mem0,133,dev_0171,6,6,0,12,18572,3146,21718,41,262,262,1567,36,27,185,3080,95.09677386283875,OK
mem0,134,dev_0172,6,6,0,12,19874,4672,24546,38,313,313,2096,36,35,298,3912,135.49805998802185,OK
mem0,135,dev_0173,5,5,0,10,15068,2269,17337,21,168,168,1025,21,21,168,2324,62.901512145996094,OK
mem0,136,dev_0174,7,7,0,14,22496,4618,27114,37,348,348,2158,35,34,327,3810,131.745530128479,OK
mem0,137,dev_0175,8,8,0,16,26142,7304,33446,59,495,495,2154,58,58,486,6454,210.54375338554382,OK
mem0,138,dev_0176,8,8,0,16,26531,7167,33698,55,471,471,2476,52,49,440,5530,206.23585677146912,OK
mem0,139,dev_0177,8,8,0,16,25433,5187,30620,39,365,365,2207,38,38,359,4266,149.75602912902832,OK
mem0,140,dev_0178,9,9,0,18,28706,5956,34662,45,395,395,2575,44,43,381,4792,172.73937940597534,OK
mem0,141,dev_0179,10,10,0,20,32132,7192,39324,57,473,473,2805,57,50,431,5693,207.70614099502563,OK
mem0,142,dev_0180,5,5,0,10,16254,3396,19650,28,251,251,1640,28,28,251,3133,98.29900121688843,OK
mem0,143,dev_0181,7,7,0,14,22790,5236,28026,44,412,412,2088,42,35,336,3967,153.6768844127655,OK
mem0,144,dev_0182,6,6,0,12,19695,4207,23902,32,296,296,1994,31,31,294,3474,123.77467441558838,OK
mem0,145,dev_0183,8,8,0,16,25375,4784,30159,38,290,290,2290,37,36,280,3997,139.23545169830322,OK
mem0,146,dev_0184,9,9,0,18,28308,5686,33994,44,423,423,2226,41,40,387,4504,165.57653164863586,OK
mem0,147,dev_0186,6,6,0,12,19499,4405,23904,37,361,361,1850,36,36,330,4018,128.43301582336426,OK
mem0,148,dev_0187,7,7,0,14,22688,4885,27573,41,360,360,2224,41,40,355,4438,141.1580092906952,OK
mem0,149,dev_0189,5,5,0,10,15892,3133,19025,27,246,246,1423,26,26,237,2883,91.53163576126099,OK
mem0,150,dev_0190,9,9,0,18,30153,7973,38126,56,558,558,2905,51,48,480,5454,220.84602761268616,OK
mem0,151,dev_0192,8,8,0,16,25695,5511,31206,42,371,371,2340,39,39,342,4308,144.2825744152069,OK
mem0,152,dev_0193,8,8,0,16,26851,6647,33498,52,428,428,2845,51,51,423,5626,152.15614247322083,OK
mem0,153,dev_0194,7,7,0,14,22017,4055,26072,36,316,316,1997,36,35,313,3895,116.10932302474976,OK
mem0,154,dev_0195,9,9,0,18,29433,6861,36294,50,480,480,2772,50,49,469,5501,198.92929553985596,OK
mem0,155,dev_0196,7,7,0,14,23095,5716,28811,47,397,397,2353,46,42,350,4766,165.43662118911743,OK
mem0,156,dev_0197,5,5,0,10,16037,2635,18672,24,262,262,1681,23,22,237,2493,76.69407773017883,OK
mem0,157,dev_0198,5,5,0,10,16269,3098,19367,32,298,298,1777,31,26,235,2937,91.58442735671997,OK
mem0,158,dev_0199,8,8,0,16,25450,5805,31255,43,347,347,2024,43,42,335,4649,165.87167191505432,OK
mem0,159,dev_0200,8,8,0,16,25244,5389,30633,46,366,366,1982,46,44,343,4888,158.30773091316223,OK
mem0,160,dev_0201,10,10,0,20,33273,8074,41347,61,540,540,3444,61,58,510,6494,232.61281633377075,OK
mem0,161,dev_0202,7,7,0,14,23545,6043,29588,57,549,549,2591,54,42,394,4742,177.0244197845459,OK
mem0,162,dev_0203,6,6,0,12,19830,4186,24016,33,335,335,2069,33,31,314,3539,122.16960430145264,OK
mem0,163,dev_0204,8,8,0,16,24819,3941,28760,33,302,302,2099,33,32,296,3563,115.74519515037537,OK
mem0,164,dev_0205,10,10,0,20,33785,9216,43001,68,654,654,3384,66,66,617,7383,266.5287296772003,OK
mem0,165,dev_0206,6,6,0,12,19841,4826,24667,45,350,350,2078,45,43,326,4740,141.75597214698792,OK
mem0,166,dev_0207,8,8,0,16,25843,5199,31042,39,329,329,2466,38,37,306,4119,150.81470274925232,OK
mem0,167,dev_0210,9,9,0,18,30079,7714,37793,58,588,588,3079,55,54,556,6088,208.86066699028015,OK
mem0,168,dev_0211,8,8,0,16,26990,6682,33672,53,500,500,2999,49,48,462,5386,167.41904830932617,OK
mem0,169,dev_0212,10,10,0,20,32146,6626,38772,44,442,442,2803,41,41,422,4634,142.14044618606567,OK
mem0,170,dev_0213,7,7,0,14,22055,3561,25616,27,265,265,1959,26,22,229,2546,100.91810512542725,OK
mem0,171,dev_0214,7,7,0,14,23072,5535,28607,46,364,364,2277,45,45,347,4940,160.75869393348694,OK
mem0,172,dev_0215,6,6,0,12,19382,4248,23630,37,315,315,1770,35,33,288,3694,123.08494138717651,OK
mem0,173,dev_0216,7,7,0,14,22330,5326,27656,42,357,357,1792,42,42,357,4646,153.10985469818115,OK
mem0,174,dev_0217,10,10,0,20,32526,8101,40627,60,558,558,2785,59,55,508,6178,232.48312735557556,OK
mem0,175,dev_0218,8,8,0,16,26358,5742,32100,45,398,398,2915,45,45,398,5006,167.43199706077576,OK
mem0,176,dev_0219,10,10,0,19,31245,7721,38966,60,554,554,3222,58,53,474,5987,221.34126114845276,OK
mem0,177,dev_0220,8,8,0,16,26188,6577,32765,48,448,448,2303,47,46,432,5133,191.9127070903778,OK
mem0,178,dev_0221,10,10,0,20,32899,7379,40278,57,526,526,3352,55,51,442,5731,215.08158922195435,OK
mem0,179,dev_0222,5,5,0,10,15698,2669,18367,29,203,203,1539,28,27,193,2971,78.67895603179932,OK
mem0,180,dev_0223,8,8,0,16,25467,5585,31052,43,385,385,2119,39,38,320,4227,162.14711213111877,OK
mem0,181,dev_0224,5,5,0,10,17126,4099,21225,39,387,387,2081,35,34,362,3873,120.21773266792297,OK
mem0,182,dev_0226,8,8,0,16,25517,5473,30990,42,391,391,2180,42,41,384,4572,158.95262718200684,OK
mem0,183,dev_0227,6,6,0,12,19528,3582,23110,30,324,324,2103,28,28,287,3136,103.73256516456604,OK
mem0,184,dev_0228,5,5,0,10,14957,2219,17176,22,164,164,1017,22,22,164,2439,62.806824684143066,OK
mem0,185,dev_0230,10,10,0,20,32911,8376,41287,59,538,538,2956,59,59,538,6560,219.7740638256073,OK
mem0,186,dev_0231,6,6,0,12,19532,4593,24125,42,326,326,1859,42,40,313,4455,110.26524114608765,OK
mem0,187,dev_0233,6,6,0,12,19484,4227,23711,41,345,345,1887,39,35,303,3959,121.57908177375793,OK
mem0,188,dev_0234,6,6,0,12,19725,4440,24165,37,325,325,1995,37,37,325,4098,130.42645120620728,OK
mem0,189,dev_0236,8,8,0,16,25533,5117,30650,39,400,400,2294,38,38,382,4255,148.3656132221222,OK
mem0,190,dev_0238,7,7,0,14,22469,5122,27591,47,375,375,2001,44,39,327,4397,148.68849420547485,OK
mem0,191,dev_0239,7,7,0,14,22723,5238,27961,42,350,350,2123,41,40,324,4440,150.98334312438965,OK
mem0,192,dev_0240,9,9,0,18,29769,7099,36868,54,509,509,2978,50,48,450,5425,206.6557583808899,OK
mem0,193,dev_0241,10,10,0,20,32480,7909,40389,61,490,490,2976,60,58,451,6434,226.92739510536194,OK
mem0,194,dev_0242,10,10,0,20,32629,8282,40911,67,481,481,2889,67,62,440,6875,242.36378383636475,OK
mem0,195,dev_0243,7,7,0,14,22798,5180,27978,44,370,370,2146,42,42,357,4656,151.38236284255981,OK
mem0,196,dev_0244,10,10,0,20,32451,7198,39649,59,453,453,3105,56,54,418,5985,209.45538520812988,OK
mem0,197,dev_0246,9,9,0,18,30572,7666,38238,68,578,578,3528,67,52,426,5812,224.98581767082214,OK
mem0,198,dev_0247,9,9,0,18,27659,4899,32558,34,291,291,1906,32,30,249,3336,141.25120091438293,OK
mem0,199,dev_0249,9,9,0,18,30108,7844,37952,59,550,550,2936,56,53,514,6005,218.80541110038757,OK
mem0,200,dev_0250,9,9,0,18,29024,5878,34902,47,454,454,2699,45,43,424,4882,154.70519638061523,OK
mem0,201,dev_0251,7,7,0,14,22529,4750,27279,39,321,321,2126,39,39,321,4290,110.65744161605835,OK
mem0,202,dev_0252,9,9,0,18,28644,6391,35035,54,431,431,2437,50,50,412,5524,135.15578961372375,OK
mem0,203,dev_0254,7,7,0,14,22465,4474,26939,33,321,321,2129,32,32,318,3596,126.5158519744873,OK
mem0,204,dev_0255,5,5,0,10,15264,2523,17787,27,203,203,1162,24,21,155,2379,74.65938973426819,OK
mem0,205,dev_0256,9,9,0,18,29504,6457,35961,48,435,435,2952,48,46,420,5165,186.28519010543823,OK
mem0,206,dev_0258,9,9,0,18,30176,7564,37740,56,554,554,3123,55,51,497,5738,218.98054361343384,OK
mem0,207,dev_0260,8,8,0,16,27037,6736,33773,53,527,527,2916,50,48,472,5391,194.419903755188,OK
mem0,208,dev_0261,6,6,0,12,18326,3129,21455,30,206,206,1384,33,26,183,2845,92.56024980545044,OK
mem0,209,dev_0262,7,7,0,14,21697,3838,25535,32,260,260,1748,31,29,236,3231,110.91372919082642,OK
mem0,210,dev_0266,9,9,0,18,30650,7474,38124,54,489,489,3645,54,53,477,5923,214.63762664794922,OK
mem0,211,dev_0267,8,8,0,16,26385,6799,33184,58,525,525,2570,58,57,518,6358,197.8836944103241,OK
mem0,212,dev_0268,7,7,0,14,21736,3849,25585,29,228,228,1740,29,29,228,3197,112.6788079738617,OK
mem0,213,dev_0270,6,6,0,12,19553,4121,23674,41,374,374,2095,39,35,336,3982,121.50696396827698,OK
mem0,214,dev_0271,10,10,0,20,30793,6284,37077,50,420,420,1984,48,47,401,5243,183.8719663619995,OK
mem0,215,dev_0272,6,6,0,12,19040,3534,22574,28,264,264,1738,26,26,243,2893,102.86889672279358,OK
mem0,216,dev_0273,5,5,0,10,15626,2766,18392,30,249,249,1510,24,24,189,2663,81.63656234741211,OK
mem0,217,dev_0274,7,7,0,14,21806,3337,25143,25,260,260,1808,24,23,246,2605,96.80464386940002,OK
mem0,218,dev_0276,8,8,0,16,27007,6386,33393,52,509,509,3166,49,43,415,4820,179.15112376213074,OK
mem0,219,dev_0277,9,9,0,18,30350,7792,38142,61,581,581,3312,60,53,509,5978,203.72334051132202,OK
mem0,220,dev_0278,8,8,0,16,25402,4828,30230,40,348,348,2285,38,35,310,3981,137.01604557037354,OK
mem0,221,dev_0279,7,7,0,14,23059,4821,27880,45,484,484,2349,32,29,327,3339,140.4440336227417,OK
mem0,222,dev_0280,8,8,0,16,25968,5850,31818,45,368,368,2475,45,45,368,4986,168.91183257102966,OK
mem0,223,dev_0281,10,10,0,20,32167,6695,38862,50,430,430,2915,49,45,406,5086,192.17585945129395,OK
mem0,224,dev_0282,5,5,0,10,15850,3179,19029,32,240,240,1504,32,32,240,3506,93.919677734375,OK
mem0,225,dev_0283,5,5,0,10,15908,3032,18940,30,233,233,1601,29,29,219,3186,89.17804002761841,OK
mem0,226,dev_0284,5,5,0,10,15839,2647,18486,21,230,230,1491,21,21,230,2366,77.85038089752197,OK
mem0,227,dev_0285,10,10,0,20,32687,7577,40264,58,510,510,3073,53,50,451,5622,216.62030935287476,OK
mem0,228,dev_0286,9,9,0,18,28937,6477,35414,47,429,429,2515,44,44,388,4866,185.92717242240906,OK
mem0,229,dev_0290,5,5,0,10,16152,2737,18889,25,218,218,1791,24,22,195,2475,81.33260369300842,OK
mem0,230,dev_0291,5,5,0,10,15600,2727,18327,26,190,190,1440,27,24,176,2650,81.1103904247284,OK
mem0,231,dev_0292,9,9,0,18,29866,6895,36761,52,490,490,3117,51,42,385,4789,199.50816583633423,OK
mem0,232,dev_0293,6,6,0,12,18953,4178,23131,31,271,271,1454,30,30,261,3302,121.22240233421326,OK
mem0,233,dev_0294,6,6,0,12,19087,3864,22951,30,282,282,1622,30,30,282,3336,112.32151651382446,OK
mem0,234,dev_0295,8,8,0,16,25831,5478,31309,40,391,391,2427,38,37,354,4157,158.77862167358398,OK
mem0,235,dev_0296,7,7,0,14,23079,5266,28345,40,387,387,2282,39,38,371,4277,151.5244598388672,OK
mem0,236,dev_0297,8,8,0,16,25684,5973,31657,47,387,387,2197,46,45,378,4988,120.50460767745972,OK
mem0,237,dev_0298,5,5,0,10,15256,2400,17656,21,203,203,1120,21,21,203,2344,48.54563570022583,OK
mem0,238,dev_0300,9,9,0,18,29900,6808,36708,50,460,460,3179,49,49,456,5490,134.1397683620453,OK
mem0,239,dev_0302,6,6,0,12,19725,4538,24263,37,340,340,2026,36,36,322,4018,89.703293800354,OK
mem0,240,dev_0303,10,10,0,20,33869,8925,42794,62,632,632,3395,60,59,600,6639,175.16505336761475,OK
mem0,241,dev_0304,8,8,0,16,25859,5924,31783,50,344,344,2403,49,45,315,4975,117.11125469207764,OK
mem0,242,dev_0305,5,5,0,9,14581,2513,17094,24,203,203,1977,23,23,197,2549,50.15816807746887,OK
mem0,243,dev_0306,7,7,0,14,22803,4461,27264,37,331,331,2427,36,35,303,3897,87.670814037323,OK
mem0,244,dev_0307,6,6,0,12,19608,4985,24593,42,299,299,1832,40,39,284,4292,98.54016208648682,OK
mem0,245,dev_0308,5,5,0,10,15558,3126,18684,28,203,203,1193,28,28,203,3044,62.42768597602844,OK
mem0,246,dev_0309,9,9,0,18,29870,7925,37795,62,531,531,2908,58,55,474,6138,155.2599732875824,OK
mem0,247,dev_0310,6,6,0,12,19518,4825,24343,44,348,348,1837,42,40,324,4441,96.72405076026917,OK
mem0,248,dev_0313,9,9,0,18,27630,4524,32154,35,284,284,2035,32,31,262,3453,91.40844178199768,OK
mem0,249,dev_0314,10,10,0,20,32605,7146,39751,52,479,479,3092,52,51,468,5702,141.20830464363098,OK
mem0,250,dev_0315,7,7,0,13,20649,4131,24780,40,295,295,2205,37,34,253,3784,85.57132506370544,OK
mem0,251,dev_0317,5,5,0,10,15780,2809,18589,29,271,271,1445,26,24,242,2751,80.7320806980133,OK
mem0,252,dev_0318,10,10,0,20,33027,7122,40149,48,479,479,3275,46,45,444,5069,205.27027583122253,OK
mem0,253,dev_0319,6,6,0,12,18929,3388,22317,26,255,255,1693,26,26,255,2929,98.20121765136719,OK
mem0,254,dev_0320,8,8,0,16,25838,5035,30873,44,386,386,2631,45,39,356,4412,146.1896197795868,OK
mem0,255,dev_0321,6,6,0,12,18586,3421,22007,30,253,253,1480,28,26,203,2901,100.20813512802124,OK
mem0,256,dev_0322,10,10,0,20,32581,7952,40533,68,528,528,3112,67,62,474,6853,233.68442726135254,OK
mem0,257,dev_0323,10,10,0,20,32743,8283,41026,71,564,564,2896,66,58,466,6523,240.89361190795898,OK
mem0,258,dev_0325,7,7,0,14,21993,4071,26064,33,296,296,1921,33,33,296,3699,118.65432000160217,OK
mem0,259,dev_0326,10,10,0,20,31759,6314,38073,48,458,458,2759,51,41,409,4627,183.33227348327637,OK
mem0,260,dev_0327,8,8,0,16,25766,4754,30520,37,321,321,2663,37,36,312,4011,139.93269562721252,OK
mem0,261,dev_0329,7,7,0,14,21764,3943,25707,27,286,286,1672,26,26,255,2932,113.080491065979,OK
mem0,262,dev_0330,7,7,0,14,22159,4552,26711,38,294,294,1921,35,30,234,3421,132.6907753944397,OK
mem0,263,dev_0331,8,8,0,16,26397,6299,32696,51,427,427,2725,51,49,413,5405,183.6109766960144,OK
mem0,264,dev_0332,8,8,0,16,26046,6205,32251,49,508,508,2310,46,45,456,5063,180.49591994285583,OK
