memory_model,example_id,sessions,attempts,generated_implicit_pref_tokens,verify_candidate_implicit_pref_tokens,refine_prev_implicit_pref_tokens,generated_plus_verify_plus_refine_tokens,final_session_implicit_pref_tokens_sum
deepseek-ai_DeepSeek-R1-0528-Qwen3-8B,dev_0004,2,2,45,45,0,90,45
deepseek-ai_DeepSeek-R1-0528-Qwen3-8B,dev_0038,5,5,125,125,0,250,125
deepseek-ai_DeepSeek-R1-0528-Qwen3-8B,dev_0037,5,5,117,117,0,234,117
deepseek-ai_DeepSeek-R1-0528-Qwen3-8B,dev_0003,6,6,204,204,0,408,204
deepseek-ai_DeepSeek-R1-0528-Qwen3-8B,dev_0032,7,7,174,174,0,348,174
deepseek-ai_DeepSeek-R1-0528-Qwen3-8B,dev_0009,6,6,202,202,0,404,202
deepseek-ai_DeepSeek-R1-0528-Qwen3-8B,dev_0014,6,6,154,154,0,308,154
deepseek-ai_DeepSeek-R1-0528-Qwen3-8B,dev_0008,5,5,99,99,0,198,99
deepseek-ai_DeepSeek-R1-0528-Qwen3-8B,dev_0029,8,8,243,243,0,486,243
deepseek-ai_DeepSeek-R1-0528-Qwen3-8B,dev_0036,5,6,129,129,0,258,100
deepseek-ai_DeepSeek-R1-0528-Qwen3-8B,dev_0039,6,6,196,196,0,392,196
deepseek-ai_DeepSeek-R1-0528-Qwen3-8B,dev_0030,10,10,310,310,0,620,310
deepseek-ai_DeepSeek-R1-0528-Qwen3-8B,dev_0028,9,9,259,259,0,518,259
deepseek-ai_DeepSeek-R1-0528-Qwen3-8B,dev_0021,9,9,223,223,0,446,223
deepseek-ai_DeepSeek-R1-0528-Qwen3-8B,dev_0035,6,7,221,221,41,483,180
deepseek-ai_DeepSeek-R1-0528-Qwen3-8B,dev_0045,5,5,139,139,0,278,139
deepseek-ai_DeepSeek-R1-0528-Qwen3-8B,dev_0015,10,11,279,279,26,584,253
deepseek-ai_DeepSeek-R1-0528-Qwen3-8B,dev_0031,10,10,297,297,0,594,297
deepseek-ai_DeepSeek-R1-0528-Qwen3-8B,dev_0027,7,9,238,238,37,513,201
deepseek-ai_DeepSeek-R1-0528-Qwen3-8B,dev_0044,8,8,282,282,0,564,282
deepseek-ai_DeepSeek-R1-0528-Qwen3-8B,dev_0046,6,6,101,101,0,202,101
deepseek-ai_DeepSeek-R1-0528-Qwen3-8B,dev_0047,6,6,202,202,0,404,202
deepseek-ai_DeepSeek-R1-0528-Qwen3-8B,dev_0041,10,10,272,272,0,544,272
deepseek-ai_DeepSeek-R1-0528-Qwen3-8B,dev_0020,10,12,320,320,53,693,267
deepseek-ai_DeepSeek-R1-0528-Qwen3-8B,dev_0050,8,8,209,209,0,418,209
deepseek-ai_DeepSeek-R1-0528-Qwen3-8B,dev_0022,9,14,231,231,50,512,181
deepseek-ai_DeepSeek-R1-0528-Qwen3-8B,dev_0049,8,8,212,212,0,424,212
deepseek-ai_DeepSeek-R1-0528-Qwen3-8B,dev_0025,8,12,318,318,103,739,215
deepseek-ai_DeepSeek-R1-0528-Qwen3-8B,dev_0052,9,9,255,255,0,510,255
deepseek-ai_DeepSeek-R1-0528-Qwen3-8B,dev_0055,8,9,300,300,38,638,262
deepseek-ai_DeepSeek-R1-0528-Qwen3-8B,dev_0059,8,8,268,268,0,536,268
deepseek-ai_DeepSeek-R1-0528-Qwen3-8B,dev_0042,8,9,212,212,23,447,189
deepseek-ai_DeepSeek-R1-0528-Qwen3-8B,dev_0062,7,7,164,164,0,328,164
deepseek-ai_DeepSeek-R1-0528-Qwen3-8B,dev_0072,6,6,183,183,0,366,183
deepseek-ai_DeepSeek-R1-0528-Qwen3-8B,dev_0048,7,11,192,192,37,421,139
deepseek-ai_DeepSeek-R1-0528-Qwen3-8B,dev_0054,10,10,367,367,0,734,367
deepseek-ai_DeepSeek-R1-0528-Qwen3-8B,dev_0058,7,8,158,158,17,333,141
deepseek-ai_DeepSeek-R1-0528-Qwen3-8B,dev_0063,9,9,241,241,0,482,241
deepseek-ai_DeepSeek-R1-0528-Qwen3-8B,dev_0070,10,10,337,337,0,674,337
deepseek-ai_DeepSeek-R1-0528-Qwen3-8B,dev_0073,9,9,231,231,0,462,231
deepseek-ai_DeepSeek-R1-0528-Qwen3-8B,dev_0078,5,5,158,158,0,316,158
deepseek-ai_DeepSeek-R1-0528-Qwen3-8B,dev_0040,10,13,364,364,81,809,283
deepseek-ai_DeepSeek-R1-0528-Qwen3-8B,dev_0074,6,9,184,184,32,400,136
deepseek-ai_DeepSeek-R1-0528-Qwen3-8B,dev_0051,9,12,313,313,77,703,236
deepseek-ai_DeepSeek-R1-0528-Qwen3-8B,dev_0068,6,10,141,141,52,334,89
deepseek-ai_DeepSeek-R1-0528-Qwen3-8B,dev_0056,9,12,389,389,96,874,293
deepseek-ai_DeepSeek-R1-0528-Qwen3-8B,dev_0060,10,12,300,300,48,648,252
deepseek-ai_DeepSeek-R1-0528-Qwen3-8B,dev_0066,9,11,291,291,59,641,232
deepseek-ai_DeepSeek-R1-0528-Qwen3-8B,dev_0080,8,8,218,218,0,436,218
deepseek-ai_DeepSeek-R1-0528-Qwen3-8B,dev_0084,7,7,181,181,0,362,181
deepseek-ai_DeepSeek-R1-0528-Qwen3-8B,dev_0075,8,9,196,196,0,392,176
deepseek-ai_DeepSeek-R1-0528-Qwen3-8B,dev_0083,7,7,196,196,0,392,196
deepseek-ai_DeepSeek-R1-0528-Qwen3-8B,dev_0071,10,12,320,320,63,703,257
deepseek-ai_DeepSeek-R1-0528-Qwen3-8B,dev_0082,9,10,268,268,20,556,248
deepseek-ai_DeepSeek-R1-0528-Qwen3-8B,dev_0085,7,9,175,175,48,398,127
deepseek-ai_DeepSeek-R1-0528-Qwen3-8B,dev_0093,6,6,174,174,0,348,174
deepseek-ai_DeepSeek-R1-0528-Qwen3-8B,dev_0079,10,11,284,284,20,588,264
deepseek-ai_DeepSeek-R1-0528-Qwen3-8B,dev_0090,8,8,183,183,0,366,183
deepseek-ai_DeepSeek-R1-0528-Qwen3-8B,dev_0088,9,9,266,266,0,532,266
deepseek-ai_DeepSeek-R1-0528-Qwen3-8B,dev_0086,8,8,215,215,0,430,215
deepseek-ai_DeepSeek-R1-0528-Qwen3-8B,dev_0065,9,15,381,381,91,853,247
deepseek-ai_DeepSeek-R1-0528-Qwen3-8B,dev_0081,9,10,227,227,22,476,205
deepseek-ai_DeepSeek-R1-0528-Qwen3-8B,dev_0091,8,8,264,264,0,528,264
deepseek-ai_DeepSeek-R1-0528-Qwen3-8B,dev_0096,6,6,185,185,0,370,185
deepseek-ai_DeepSeek-R1-0528-Qwen3-8B,dev_0087,10,10,347,347,0,694,347
deepseek-ai_DeepSeek-R1-0528-Qwen3-8B,dev_0100,5,5,119,119,0,238,119
deepseek-ai_DeepSeek-R1-0528-Qwen3-8B,dev_0094,9,9,235,235,0,470,235
deepseek-ai_DeepSeek-R1-0528-Qwen3-8B,dev_0092,7,8,268,268,31,567,237
deepseek-ai_DeepSeek-R1-0528-Qwen3-8B,dev_0099,9,9,210,210,0,420,210
deepseek-ai_DeepSeek-R1-0528-Qwen3-8B,dev_0104,6,7,169,169,29,367,140
deepseek-ai_DeepSeek-R1-0528-Qwen3-8B,dev_0095,5,7,147,147,18,312,129
deepseek-ai_DeepSeek-R1-0528-Qwen3-8B,dev_0097,10,10,339,339,0,678,339
deepseek-ai_DeepSeek-R1-0528-Qwen3-8B,dev_0112,7,7,167,167,0,334,167
deepseek-ai_DeepSeek-R1-0528-Qwen3-8B,dev_0107,8,8,243,243,0,486,243
deepseek-ai_DeepSeek-R1-0528-Qwen3-8B,dev_0103,9,9,189,189,0,378,189
deepseek-ai_DeepSeek-R1-0528-Qwen3-8B,dev_0114,6,6,149,149,0,298,149
deepseek-ai_DeepSeek-R1-0528-Qwen3-8B,dev_0113,7,7,174,174,0,348,174
deepseek-ai_DeepSeek-R1-0528-Qwen3-8B,dev_0102,10,10,265,265,0,530,265
deepseek-ai_DeepSeek-R1-0528-Qwen3-8B,dev_0076,8,19,244,244,118,606,100
deepseek-ai_DeepSeek-R1-0528-Qwen3-8B,dev_0109,10,10,271,271,0,542,271
deepseek-ai_DeepSeek-R1-0528-Qwen3-8B,dev_0098,5,9,191,191,89,471,102
deepseek-ai_DeepSeek-R1-0528-Qwen3-8B,dev_0122,5,5,144,144,0,288,144
deepseek-ai_DeepSeek-R1-0528-Qwen3-8B,dev_0117,7,7,201,201,0,402,201
deepseek-ai_DeepSeek-R1-0528-Qwen3-8B,dev_0110,9,10,246,246,24,516,222
deepseek-ai_DeepSeek-R1-0528-Qwen3-8B,dev_0127,5,5,133,133,0,266,133
deepseek-ai_DeepSeek-R1-0528-Qwen3-8B,dev_0116,7,7,186,186,0,372,186
deepseek-ai_DeepSeek-R1-0528-Qwen3-8B,dev_0111,10,11,301,301,33,635,268
deepseek-ai_DeepSeek-R1-0528-Qwen3-8B,dev_0105,9,12,309,309,73,691,236
deepseek-ai_DeepSeek-R1-0528-Qwen3-8B,dev_0108,9,11,281,281,32,594,249
deepseek-ai_DeepSeek-R1-0528-Qwen3-8B,dev_0089,8,17,204,204,107,515,97
deepseek-ai_DeepSeek-R1-0528-Qwen3-8B,dev_0115,5,7,192,192,10,394,172
deepseek-ai_DeepSeek-R1-0528-Qwen3-8B,dev_0131,8,8,213,213,0,426,213
deepseek-ai_DeepSeek-R1-0528-Qwen3-8B,dev_0119,9,9,276,276,0,552,276
deepseek-ai_DeepSeek-R1-0528-Qwen3-8B,dev_0124,6,6,129,129,0,258,129
deepseek-ai_DeepSeek-R1-0528-Qwen3-8B,dev_0133,7,7,146,146,0,292,146
deepseek-ai_DeepSeek-R1-0528-Qwen3-8B,dev_0120,5,8,142,142,36,320,106
deepseek-ai_DeepSeek-R1-0528-Qwen3-8B,dev_0138,6,6,158,158,0,316,158
deepseek-ai_DeepSeek-R1-0528-Qwen3-8B,dev_0135,6,6,194,194,0,388,194
deepseek-ai_DeepSeek-R1-0528-Qwen3-8B,dev_0132,10,10,310,310,0,620,310
deepseek-ai_DeepSeek-R1-0528-Qwen3-8B,dev_0134,8,8,204,204,0,408,204
deepseek-ai_DeepSeek-R1-0528-Qwen3-8B,dev_0146,5,5,137,137,0,274,137
deepseek-ai_DeepSeek-R1-0528-Qwen3-8B,dev_0130,6,9,192,192,47,431,145
deepseek-ai_DeepSeek-R1-0528-Qwen3-8B,dev_0139,7,7,200,200,0,400,200
deepseek-ai_DeepSeek-R1-0528-Qwen3-8B,dev_0137,9,9,258,258,0,516,258
deepseek-ai_DeepSeek-R1-0528-Qwen3-8B,dev_0126,10,11,370,370,41,781,329
deepseek-ai_DeepSeek-R1-0528-Qwen3-8B,dev_0128,8,10,230,230,36,496,194
deepseek-ai_DeepSeek-R1-0528-Qwen3-8B,dev_0147,10,10,289,289,0,578,289
deepseek-ai_DeepSeek-R1-0528-Qwen3-8B,dev_0154,7,7,181,181,0,362,181
deepseek-ai_DeepSeek-R1-0528-Qwen3-8B,dev_0118,10,14,299,299,84,682,215
deepseek-ai_DeepSeek-R1-0528-Qwen3-8B,dev_0153,7,7,162,162,0,324,162
deepseek-ai_DeepSeek-R1-0528-Qwen3-8B,dev_0148,7,7,218,218,0,436,218
deepseek-ai_DeepSeek-R1-0528-Qwen3-8B,dev_0152,10,10,268,268,0,536,268
deepseek-ai_DeepSeek-R1-0528-Qwen3-8B,dev_0145,10,10,362,362,0,724,362
deepseek-ai_DeepSeek-R1-0528-Qwen3-8B,dev_0144,8,12,262,262,83,607,179
deepseek-ai_DeepSeek-R1-0528-Qwen3-8B,dev_0160,6,7,147,147,17,311,130
deepseek-ai_DeepSeek-R1-0528-Qwen3-8B,dev_0155,10,10,285,285,0,570,285
deepseek-ai_DeepSeek-R1-0528-Qwen3-8B,dev_0150,10,12,224,224,32,480,192
deepseek-ai_DeepSeek-R1-0528-Qwen3-8B,dev_0158,7,8,207,207,24,438,183
deepseek-ai_DeepSeek-R1-0528-Qwen3-8B,dev_0156,9,9,270,270,0,540,270
deepseek-ai_DeepSeek-R1-0528-Qwen3-8B,dev_0161,6,7,164,164,18,346,146
deepseek-ai_DeepSeek-R1-0528-Qwen3-8B,dev_0142,10,9,259,259,0,518,291
deepseek-ai_DeepSeek-R1-0528-Qwen3-8B,dev_0163,8,8,238,238,0,476,238
deepseek-ai_DeepSeek-R1-0528-Qwen3-8B,dev_0140,9,14,197,197,28,422,169
deepseek-ai_DeepSeek-R1-0528-Qwen3-8B,dev_0164,5,5,125,125,0,250,125
deepseek-ai_DeepSeek-R1-0528-Qwen3-8B,dev_0149,10,10,302,302,0,604,302
deepseek-ai_DeepSeek-R1-0528-Qwen3-8B,dev_0165,7,7,182,182,0,364,182
deepseek-ai_DeepSeek-R1-0528-Qwen3-8B,dev_0143,9,16,224,224,98,546,126
deepseek-ai_DeepSeek-R1-0528-Qwen3-8B,dev_0166,8,8,214,214,0,428,214
deepseek-ai_DeepSeek-R1-0528-Qwen3-8B,dev_0169,6,6,173,173,0,346,173
deepseek-ai_DeepSeek-R1-0528-Qwen3-8B,dev_0173,5,5,137,137,0,274,137
deepseek-ai_DeepSeek-R1-0528-Qwen3-8B,dev_0136,10,14,383,383,81,847,281
deepseek-ai_DeepSeek-R1-0528-Qwen3-8B,dev_0172,6,6,199,199,0,398,199
deepseek-ai_DeepSeek-R1-0528-Qwen3-8B,dev_0170,7,8,192,192,25,409,167
deepseek-ai_DeepSeek-R1-0528-Qwen3-8B,dev_0168,5,7,210,210,65,485,145
deepseek-ai_DeepSeek-R1-0528-Qwen3-8B,dev_0180,5,5,143,143,0,286,143
deepseek-ai_DeepSeek-R1-0528-Qwen3-8B,dev_0171,6,7,157,157,30,344,127
deepseek-ai_DeepSeek-R1-0528-Qwen3-8B,dev_0162,10,12,254,254,38,546,216
deepseek-ai_DeepSeek-R1-0528-Qwen3-8B,dev_0176,8,8,236,236,0,472,236
deepseek-ai_DeepSeek-R1-0528-Qwen3-8B,dev_0175,8,8,185,185,0,370,185
deepseek-ai_DeepSeek-R1-0528-Qwen3-8B,dev_0181,7,7,212,212,0,424,212
deepseek-ai_DeepSeek-R1-0528-Qwen3-8B,dev_0189,5,5,148,148,0,296,148
deepseek-ai_DeepSeek-R1-0528-Qwen3-8B,dev_0174,7,8,221,221,25,467,196
deepseek-ai_DeepSeek-R1-0528-Qwen3-8B,dev_0182,6,7,219,219,26,464,193
deepseek-ai_DeepSeek-R1-0528-Qwen3-8B,dev_0187,7,7,213,213,0,426,213
deepseek-ai_DeepSeek-R1-0528-Qwen3-8B,dev_0179,10,10,326,326,0,652,326
deepseek-ai_DeepSeek-R1-0528-Qwen3-8B,dev_0184,9,9,244,244,0,488,244
deepseek-ai_DeepSeek-R1-0528-Qwen3-8B,dev_0177,8,10,241,241,43,525,198
deepseek-ai_DeepSeek-R1-0528-Qwen3-8B,dev_0183,8,9,253,253,22,528,231
deepseek-ai_DeepSeek-R1-0528-Qwen3-8B,dev_0193,8,8,180,180,0,360,180
deepseek-ai_DeepSeek-R1-0528-Qwen3-8B,dev_0178,9,9,137,137,0,274,137
deepseek-ai_DeepSeek-R1-0528-Qwen3-8B,dev_0196,7,7,167,167,0,334,167
deepseek-ai_DeepSeek-R1-0528-Qwen3-8B,dev_0190,9,9,231,231,0,462,231
deepseek-ai_DeepSeek-R1-0528-Qwen3-8B,dev_0198,5,5,133,133,0,266,133
deepseek-ai_DeepSeek-R1-0528-Qwen3-8B,dev_0186,6,8,202,202,28,432,174
deepseek-ai_DeepSeek-R1-0528-Qwen3-8B,dev_0192,8,9,232,232,34,498,198
deepseek-ai_DeepSeek-R1-0528-Qwen3-8B,dev_0199,8,8,275,275,0,550,275
deepseek-ai_DeepSeek-R1-0528-Qwen3-8B,dev_0197,5,6,199,199,30,428,169
deepseek-ai_DeepSeek-R1-0528-Qwen3-8B,dev_0203,6,7,197,197,31,425,166
deepseek-ai_DeepSeek-R1-0528-Qwen3-8B,dev_0206,6,7,177,177,21,375,156
deepseek-ai_DeepSeek-R1-0528-Qwen3-8B,dev_0194,7,10,230,230,55,515,175
deepseek-ai_DeepSeek-R1-0528-Qwen3-8B,dev_0204,8,8,256,256,0,512,256
deepseek-ai_DeepSeek-R1-0528-Qwen3-8B,dev_0213,7,7,211,211,0,422,211
deepseek-ai_DeepSeek-R1-0528-Qwen3-8B,dev_0207,8,8,261,261,0,522,261
deepseek-ai_DeepSeek-R1-0528-Qwen3-8B,dev_0214,7,7,224,224,0,448,224
deepseek-ai_DeepSeek-R1-0528-Qwen3-8B,dev_0200,8,8,196,196,0,392,196
deepseek-ai_DeepSeek-R1-0528-Qwen3-8B,dev_0205,10,10,306,306,0,612,306
deepseek-ai_DeepSeek-R1-0528-Qwen3-8B,dev_0201,10,10,236,236,0,472,236
deepseek-ai_DeepSeek-R1-0528-Qwen3-8B,dev_0195,9,11,310,310,57,677,253
deepseek-ai_DeepSeek-R1-0528-Qwen3-8B,dev_0202,7,8,196,196,23,415,173
deepseek-ai_DeepSeek-R1-0528-Qwen3-8B,dev_0222,5,5,125,125,0,250,125
deepseek-ai_DeepSeek-R1-0528-Qwen3-8B,dev_0215,6,8,162,162,40,364,122
deepseek-ai_DeepSeek-R1-0528-Qwen3-8B,dev_0211,8,8,212,212,0,424,212
deepseek-ai_DeepSeek-R1-0528-Qwen3-8B,dev_0220,8,8,227,227,0,454,227
deepseek-ai_DeepSeek-R1-0528-Qwen3-8B,dev_0212,10,10,251,251,0,502,251
deepseek-ai_DeepSeek-R1-0528-Qwen3-8B,dev_0217,10,10,318,318,0,636,318
deepseek-ai_DeepSeek-R1-0528-Qwen3-8B,dev_0221,10,10,204,204,0,408,204
deepseek-ai_DeepSeek-R1-0528-Qwen3-8B,dev_0216,7,7,243,243,0,486,243
deepseek-ai_DeepSeek-R1-0528-Qwen3-8B,dev_0234,6,6,193,193,0,386,193
deepseek-ai_DeepSeek-R1-0528-Qwen3-8B,dev_0218,8,8,229,229,0,458,229
deepseek-ai_DeepSeek-R1-0528-Qwen3-8B,dev_0231,6,6,189,189,0,378,189
deepseek-ai_DeepSeek-R1-0528-Qwen3-8B,dev_0210,9,13,335,335,84,754,251
deepseek-ai_DeepSeek-R1-0528-Qwen3-8B,dev_0223,8,9,249,249,20,518,229
deepseek-ai_DeepSeek-R1-0528-Qwen3-8B,dev_0219,10,10,273,273,0,546,273
deepseek-ai_DeepSeek-R1-0528-Qwen3-8B,dev_0228,5,7,147,147,26,320,121
deepseek-ai_DeepSeek-R1-0528-Qwen3-8B,dev_0224,5,8,99,99,24,222,75
deepseek-ai_DeepSeek-R1-0528-Qwen3-8B,dev_0227,6,7,200,200,32,432,168
deepseek-ai_DeepSeek-R1-0528-Qwen3-8B,dev_0239,7,7,205,205,0,410,205
deepseek-ai_DeepSeek-R1-0528-Qwen3-8B,dev_0230,10,11,331,331,16,678,315
deepseek-ai_DeepSeek-R1-0528-Qwen3-8B,dev_0233,6,7,161,161,22,344,139
deepseek-ai_DeepSeek-R1-0528-Qwen3-8B,dev_0255,5,5,129,129,0,258,129
deepseek-ai_DeepSeek-R1-0528-Qwen3-8B,dev_0236,8,8,279,279,0,558,279
deepseek-ai_DeepSeek-R1-0528-Qwen3-8B,dev_0243,7,8,202,202,23,427,179
deepseek-ai_DeepSeek-R1-0528-Qwen3-8B,dev_0249,9,9,253,253,0,506,253
deepseek-ai_DeepSeek-R1-0528-Qwen3-8B,dev_0244,10,10,232,232,0,464,232
deepseek-ai_DeepSeek-R1-0528-Qwen3-8B,dev_0246,9,9,291,291,0,582,291
deepseek-ai_DeepSeek-R1-0528-Qwen3-8B,dev_0247,9,10,235,235,0,470,226
deepseek-ai_DeepSeek-R1-0528-Qwen3-8B,dev_0226,8,12,334,334,108,776,226
deepseek-ai_DeepSeek-R1-0528-Qwen3-8B,dev_0256,9,9,250,250,0,500,250
deepseek-ai_DeepSeek-R1-0528-Qwen3-8B,dev_0240,9,9,261,261,0,522,261
deepseek-ai_DeepSeek-R1-0528-Qwen3-8B,dev_0242,10,12,318,318,20,656,267
deepseek-ai_DeepSeek-R1-0528-Qwen3-8B,dev_0258,9,9,223,223,0,446,223
deepseek-ai_DeepSeek-R1-0528-Qwen3-8B,dev_0261,6,6,188,188,0,376,188
deepseek-ai_DeepSeek-R1-0528-Qwen3-8B,dev_0260,8,8,230,230,0,460,230
deepseek-ai_DeepSeek-R1-0528-Qwen3-8B,dev_0268,7,7,189,189,0,378,189
deepseek-ai_DeepSeek-R1-0528-Qwen3-8B,dev_0251,7,12,198,198,83,479,115
deepseek-ai_DeepSeek-R1-0528-Qwen3-8B,dev_0262,7,8,214,214,24,452,190
deepseek-ai_DeepSeek-R1-0528-Qwen3-8B,dev_0273,5,5,143,143,0,286,143
deepseek-ai_DeepSeek-R1-0528-Qwen3-8B,dev_0272,6,6,177,177,0,354,177
deepseek-ai_DeepSeek-R1-0528-Qwen3-8B,dev_0238,7,16,218,218,99,535,102
deepseek-ai_DeepSeek-R1-0528-Qwen3-8B,dev_0267,8,8,225,225,0,450,225
deepseek-ai_DeepSeek-R1-0528-Qwen3-8B,dev_0241,10,12,299,299,51,649,248
deepseek-ai_DeepSeek-R1-0528-Qwen3-8B,dev_0274,7,7,167,167,0,334,167
deepseek-ai_DeepSeek-R1-0528-Qwen3-8B,dev_0270,6,7,282,282,22,586,260
deepseek-ai_DeepSeek-R1-0528-Qwen3-8B,dev_0250,9,12,335,335,81,751,254
deepseek-ai_DeepSeek-R1-0528-Qwen3-8B,dev_0266,9,10,300,300,28,628,272
deepseek-ai_DeepSeek-R1-0528-Qwen3-8B,dev_0282,5,5,119,119,0,238,119
deepseek-ai_DeepSeek-R1-0528-Qwen3-8B,dev_0283,5,5,157,157,0,314,157
deepseek-ai_DeepSeek-R1-0528-Qwen3-8B,dev_0279,7,7,206,206,0,412,206
deepseek-ai_DeepSeek-R1-0528-Qwen3-8B,dev_0252,9,14,376,376,107,859,239
deepseek-ai_DeepSeek-R1-0528-Qwen3-8B,dev_0291,5,5,156,156,0,312,156
deepseek-ai_DeepSeek-R1-0528-Qwen3-8B,dev_0278,8,8,202,202,0,404,202
deepseek-ai_DeepSeek-R1-0528-Qwen3-8B,dev_0254,7,13,276,276,96,648,154
deepseek-ai_DeepSeek-R1-0528-Qwen3-8B,dev_0290,5,5,144,144,0,288,144
deepseek-ai_DeepSeek-R1-0528-Qwen3-8B,dev_0271,10,14,250,250,51,551,199
deepseek-ai_DeepSeek-R1-0528-Qwen3-8B,dev_0281,10,10,300,300,0,600,300
deepseek-ai_DeepSeek-R1-0528-Qwen3-8B,dev_0293,6,7,176,176,17,369,159
deepseek-ai_DeepSeek-R1-0528-Qwen3-8B,dev_0298,5,5,137,137,0,274,137
deepseek-ai_DeepSeek-R1-0528-Qwen3-8B,dev_0294,6,7,214,214,29,457,185
deepseek-ai_DeepSeek-R1-0528-Qwen3-8B,dev_0302,6,6,196,196,0,392,196
deepseek-ai_DeepSeek-R1-0528-Qwen3-8B,dev_0284,5,6,132,132,29,293,103
deepseek-ai_DeepSeek-R1-0528-Qwen3-8B,dev_0285,10,10,256,256,0,512,256
deepseek-ai_DeepSeek-R1-0528-Qwen3-8B,dev_0292,9,9,267,267,0,534,267
deepseek-ai_DeepSeek-R1-0528-Qwen3-8B,dev_0276,8,12,272,272,68,612,204
deepseek-ai_DeepSeek-R1-0528-Qwen3-8B,dev_0297,8,8,196,196,0,392,196
deepseek-ai_DeepSeek-R1-0528-Qwen3-8B,dev_0296,7,8,241,241,30,512,211
deepseek-ai_DeepSeek-R1-0528-Qwen3-8B,dev_0300,9,9,309,309,0,618,309
deepseek-ai_DeepSeek-R1-0528-Qwen3-8B,dev_0305,5,5,169,169,0,338,169
deepseek-ai_DeepSeek-R1-0528-Qwen3-8B,dev_0277,9,11,448,448,82,978,366
deepseek-ai_DeepSeek-R1-0528-Qwen3-8B,dev_0308,5,5,139,139,0,278,139
deepseek-ai_DeepSeek-R1-0528-Qwen3-8B,dev_0280,8,13,184,184,54,422,130
deepseek-ai_DeepSeek-R1-0528-Qwen3-8B,dev_0307,6,6,213,213,0,426,213
deepseek-ai_DeepSeek-R1-0528-Qwen3-8B,dev_0306,7,7,217,217,0,434,217
deepseek-ai_DeepSeek-R1-0528-Qwen3-8B,dev_0317,5,5,126,126,0,252,126
deepseek-ai_DeepSeek-R1-0528-Qwen3-8B,dev_0286,9,13,276,276,76,628,200
deepseek-ai_DeepSeek-R1-0528-Qwen3-8B,dev_0321,6,6,186,186,0,372,186
deepseek-ai_DeepSeek-R1-0528-Qwen3-8B,dev_0315,7,7,228,228,0,456,228
deepseek-ai_DeepSeek-R1-0528-Qwen3-8B,dev_0310,6,7,153,153,22,328,131
deepseek-ai_DeepSeek-R1-0528-Qwen3-8B,dev_0304,8,11,201,201,17,419,168
deepseek-ai_DeepSeek-R1-0528-Qwen3-8B,dev_0309,9,11,274,274,48,596,226
deepseek-ai_DeepSeek-R1-0528-Qwen3-8B,dev_0330,7,7,211,211,0,422,211
deepseek-ai_DeepSeek-R1-0528-Qwen3-8B,dev_0314,10,11,396,396,28,820,368
deepseek-ai_DeepSeek-R1-0528-Qwen3-8B,dev_0327,8,8,211,211,0,422,211
deepseek-ai_DeepSeek-R1-0528-Qwen3-8B,dev_0318,10,10,315,315,0,630,315
deepseek-ai_DeepSeek-R1-0528-Qwen3-8B,dev_0303,10,15,343,343,76,762,247
deepseek-ai_DeepSeek-R1-0528-Qwen3-8B,dev_0325,7,9,270,270,61,601,209
deepseek-ai_DeepSeek-R1-0528-Qwen3-8B,dev_0323,10,10,338,338,0,676,338
deepseek-ai_DeepSeek-R1-0528-Qwen3-8B,dev_0326,10,10,241,241,0,482,241
deepseek-ai_DeepSeek-R1-0528-Qwen3-8B,dev_0295,8,14,330,330,128,788,180
deepseek-ai_DeepSeek-R1-0528-Qwen3-8B,dev_0331,8,8,228,228,0,456,228
deepseek-ai_DeepSeek-R1-0528-Qwen3-8B,dev_0329,7,8,207,207,33,447,174
deepseek-ai_DeepSeek-R1-0528-Qwen3-8B,dev_0320,8,10,277,277,39,593,238
deepseek-ai_DeepSeek-R1-0528-Qwen3-8B,dev_0332,8,9,244,244,26,514,218
deepseek-ai_DeepSeek-R1-0528-Qwen3-8B,dev_0319,6,13,456,456,230,1142,226
deepseek-ai_DeepSeek-R1-0528-Qwen3-8B,dev_0322,10,15,295,295,75,665,204
deepseek-ai_DeepSeek-R1-0528-Qwen3-8B,dev_0313,9,16,407,407,154,968,244
deepseek-ai_DeepSeek-R1-Distill-Llama-8B,dev_0004,2,2,66,66,0,132,66
deepseek-ai_DeepSeek-R1-Distill-Llama-8B,dev_0008,5,5,119,119,0,238,119
deepseek-ai_DeepSeek-R1-Distill-Llama-8B,dev_0014,6,6,128,128,0,256,128
deepseek-ai_DeepSeek-R1-Distill-Llama-8B,dev_0003,6,6,83,83,0,166,83
deepseek-ai_DeepSeek-R1-Distill-Llama-8B,dev_0037,5,6,102,102,17,221,85
deepseek-ai_DeepSeek-R1-Distill-Llama-8B,dev_0009,6,6,113,113,0,226,113
deepseek-ai_DeepSeek-R1-Distill-Llama-8B,dev_0038,5,6,260,260,45,565,215
deepseek-ai_DeepSeek-R1-Distill-Llama-8B,dev_0035,6,8,188,188,34,410,154
deepseek-ai_DeepSeek-R1-Distill-Llama-8B,dev_0032,7,7,196,196,0,392,196
deepseek-ai_DeepSeek-R1-Distill-Llama-8B,dev_0039,6,6,143,143,0,286,143
deepseek-ai_DeepSeek-R1-Distill-Llama-8B,dev_0027,7,9,116,116,27,259,89
deepseek-ai_DeepSeek-R1-Distill-Llama-8B,dev_0029,8,8,213,213,0,426,213
deepseek-ai_DeepSeek-R1-Distill-Llama-8B,dev_0025,8,8,126,126,0,252,126
deepseek-ai_DeepSeek-R1-Distill-Llama-8B,dev_0028,9,9,228,228,0,456,228
deepseek-ai_DeepSeek-R1-Distill-Llama-8B,dev_0020,10,10,156,156,0,312,156
deepseek-ai_DeepSeek-R1-Distill-Llama-8B,dev_0031,10,10,120,120,0,240,120
deepseek-ai_DeepSeek-R1-Distill-Llama-8B,dev_0045,5,5,116,116,0,232,116
deepseek-ai_DeepSeek-R1-Distill-Llama-8B,dev_0021,9,9,210,210,0,420,210
deepseek-ai_DeepSeek-R1-Distill-Llama-8B,dev_0030,10,10,149,149,0,298,149
deepseek-ai_DeepSeek-R1-Distill-Llama-8B,dev_0022,9,10,207,207,26,440,181
deepseek-ai_DeepSeek-R1-Distill-Llama-8B,dev_0036,5,10,213,213,114,540,99
deepseek-ai_DeepSeek-R1-Distill-Llama-8B,dev_0015,10,10,184,184,0,368,184
deepseek-ai_DeepSeek-R1-Distill-Llama-8B,dev_0042,8,8,122,122,0,244,122
deepseek-ai_DeepSeek-R1-Distill-Llama-8B,dev_0046,6,7,185,185,15,385,170
deepseek-ai_DeepSeek-R1-Distill-Llama-8B,dev_0048,7,7,161,161,0,322,161
deepseek-ai_DeepSeek-R1-Distill-Llama-8B,dev_0044,8,8,84,84,0,168,84
deepseek-ai_DeepSeek-R1-Distill-Llama-8B,dev_0040,10,10,81,81,0,162,81
deepseek-ai_DeepSeek-R1-Distill-Llama-8B,dev_0041,10,10,263,263,0,526,263
deepseek-ai_DeepSeek-R1-Distill-Llama-8B,dev_0049,8,8,105,105,0,210,105
deepseek-ai_DeepSeek-R1-Distill-Llama-8B,dev_0047,6,8,199,199,22,420,177
deepseek-ai_DeepSeek-R1-Distill-Llama-8B,dev_0050,8,9,119,119,10,248,109
deepseek-ai_DeepSeek-R1-Distill-Llama-8B,dev_0062,7,7,143,143,0,286,143
deepseek-ai_DeepSeek-R1-Distill-Llama-8B,dev_0055,8,8,221,221,0,442,221
deepseek-ai_DeepSeek-R1-Distill-Llama-8B,dev_0059,8,8,150,150,0,300,150
deepseek-ai_DeepSeek-R1-Distill-Llama-8B,dev_0058,7,8,232,232,21,485,211
deepseek-ai_DeepSeek-R1-Distill-Llama-8B,dev_0051,9,10,160,160,13,333,147
deepseek-ai_DeepSeek-R1-Distill-Llama-8B,dev_0056,9,9,223,223,0,446,223
deepseek-ai_DeepSeek-R1-Distill-Llama-8B,dev_0052,9,11,285,285,18,588,267
deepseek-ai_DeepSeek-R1-Distill-Llama-8B,dev_0072,6,6,96,96,0,192,96
deepseek-ai_DeepSeek-R1-Distill-Llama-8B,dev_0068,6,7,165,165,18,348,147
deepseek-ai_DeepSeek-R1-Distill-Llama-8B,dev_0063,9,9,99,99,0,198,99
deepseek-ai_DeepSeek-R1-Distill-Llama-8B,dev_0060,10,10,239,239,0,478,239
deepseek-ai_DeepSeek-R1-Distill-Llama-8B,dev_0054,10,10,222,222,0,444,222
deepseek-ai_DeepSeek-R1-Distill-Llama-8B,dev_0078,5,5,155,155,0,310,155
deepseek-ai_DeepSeek-R1-Distill-Llama-8B,dev_0065,9,10,225,225,11,461,214
deepseek-ai_DeepSeek-R1-Distill-Llama-8B,dev_0066,9,10,239,239,27,505,212
deepseek-ai_DeepSeek-R1-Distill-Llama-8B,dev_0075,8,8,220,220,0,440,220
deepseek-ai_DeepSeek-R1-Distill-Llama-8B,dev_0071,10,10,249,249,0,498,249
deepseek-ai_DeepSeek-R1-Distill-Llama-8B,dev_0073,9,9,312,312,0,624,312
deepseek-ai_DeepSeek-R1-Distill-Llama-8B,dev_0076,8,8,131,131,0,262,131
deepseek-ai_DeepSeek-R1-Distill-Llama-8B,dev_0074,6,11,134,134,67,335,67
deepseek-ai_DeepSeek-R1-Distill-Llama-8B,dev_0080,8,8,128,128,0,256,128
deepseek-ai_DeepSeek-R1-Distill-Llama-8B,dev_0070,10,11,314,314,24,652,290
deepseek-ai_DeepSeek-R1-Distill-Llama-8B,dev_0082,9,9,358,358,0,716,358
deepseek-ai_DeepSeek-R1-Distill-Llama-8B,dev_0086,8,8,220,220,0,440,220
deepseek-ai_DeepSeek-R1-Distill-Llama-8B,dev_0083,7,8,272,272,36,580,236
deepseek-ai_DeepSeek-R1-Distill-Llama-8B,dev_0084,7,8,118,118,18,254,100
deepseek-ai_DeepSeek-R1-Distill-Llama-8B,dev_0092,7,7,144,144,0,288,144
deepseek-ai_DeepSeek-R1-Distill-Llama-8B,dev_0081,9,9,293,293,0,586,293
deepseek-ai_DeepSeek-R1-Distill-Llama-8B,dev_0095,5,5,61,61,0,122,61
deepseek-ai_DeepSeek-R1-Distill-Llama-8B,dev_0093,6,6,118,118,0,236,118
deepseek-ai_DeepSeek-R1-Distill-Llama-8B,dev_0089,8,9,207,207,14,428,193
deepseek-ai_DeepSeek-R1-Distill-Llama-8B,dev_0087,10,10,94,94,0,188,94
deepseek-ai_DeepSeek-R1-Distill-Llama-8B,dev_0090,8,9,114,114,27,255,87
deepseek-ai_DeepSeek-R1-Distill-Llama-8B,dev_0096,6,6,103,103,0,206,103
deepseek-ai_DeepSeek-R1-Distill-Llama-8B,dev_0079,10,11,164,164,12,340,152
deepseek-ai_DeepSeek-R1-Distill-Llama-8B,dev_0091,8,8,173,173,0,346,173
deepseek-ai_DeepSeek-R1-Distill-Llama-8B,dev_0085,7,11,111,111,46,268,65
deepseek-ai_DeepSeek-R1-Distill-Llama-8B,dev_0100,5,5,105,105,0,210,105
deepseek-ai_DeepSeek-R1-Distill-Llama-8B,dev_0088,9,11,168,168,29,365,139
deepseek-ai_DeepSeek-R1-Distill-Llama-8B,dev_0098,5,6,115,115,22,252,93
deepseek-ai_DeepSeek-R1-Distill-Llama-8B,dev_0104,6,6,75,75,0,150,75
deepseek-ai_DeepSeek-R1-Distill-Llama-8B,dev_0094,9,11,243,243,39,525,204
deepseek-ai_DeepSeek-R1-Distill-Llama-8B,dev_0114,6,6,120,120,0,240,120
deepseek-ai_DeepSeek-R1-Distill-Llama-8B,dev_0115,5,6,129,129,20,278,109
deepseek-ai_DeepSeek-R1-Distill-Llama-8B,dev_0103,9,9,196,196,0,392,196
deepseek-ai_DeepSeek-R1-Distill-Llama-8B,dev_0113,7,7,153,153,0,306,153
deepseek-ai_DeepSeek-R1-Distill-Llama-8B,dev_0107,8,9,193,193,27,413,166
deepseek-ai_DeepSeek-R1-Distill-Llama-8B,dev_0099,9,11,137,137,42,316,95
deepseek-ai_DeepSeek-R1-Distill-Llama-8B,dev_0112,7,8,155,155,31,341,124
deepseek-ai_DeepSeek-R1-Distill-Llama-8B,dev_0108,9,10,128,128,11,267,117
deepseek-ai_DeepSeek-R1-Distill-Llama-8B,dev_0116,7,8,125,125,24,274,101
deepseek-ai_DeepSeek-R1-Distill-Llama-8B,dev_0117,7,7,138,138,0,276,138
deepseek-ai_DeepSeek-R1-Distill-Llama-8B,dev_0110,9,9,157,157,0,314,157
deepseek-ai_DeepSeek-R1-Distill-Llama-8B,dev_0120,5,5,192,192,0,384,192
deepseek-ai_DeepSeek-R1-Distill-Llama-8B,dev_0102,10,14,186,186,36,408,150
deepseek-ai_DeepSeek-R1-Distill-Llama-8B,dev_0127,5,5,90,90,0,180,90
deepseek-ai_DeepSeek-R1-Distill-Llama-8B,dev_0109,10,10,304,304,0,608,304
deepseek-ai_DeepSeek-R1-Distill-Llama-8B,dev_0105,9,11,208,208,28,444,180
deepseek-ai_DeepSeek-R1-Distill-Llama-8B,dev_0124,6,6,79,79,0,158,79
deepseek-ai_DeepSeek-R1-Distill-Llama-8B,dev_0097,10,15,342,342,110,794,232
deepseek-ai_DeepSeek-R1-Distill-Llama-8B,dev_0122,5,7,157,157,50,364,107
deepseek-ai_DeepSeek-R1-Distill-Llama-8B,dev_0111,10,13,111,111,24,246,87
deepseek-ai_DeepSeek-R1-Distill-Llama-8B,dev_0119,9,9,281,281,0,562,281
deepseek-ai_DeepSeek-R1-Distill-Llama-8B,dev_0118,10,10,240,240,0,480,240
deepseek-ai_DeepSeek-R1-Distill-Llama-8B,dev_0130,6,7,167,167,26,360,141
deepseek-ai_DeepSeek-R1-Distill-Llama-8B,dev_0135,6,6,54,54,0,108,54
deepseek-ai_DeepSeek-R1-Distill-Llama-8B,dev_0128,8,8,103,103,0,206,103
deepseek-ai_DeepSeek-R1-Distill-Llama-8B,dev_0131,8,8,83,83,0,166,83
deepseek-ai_DeepSeek-R1-Distill-Llama-8B,dev_0138,6,6,116,116,0,232,116
deepseek-ai_DeepSeek-R1-Distill-Llama-8B,dev_0133,7,9,302,302,41,645,261
deepseek-ai_DeepSeek-R1-Distill-Llama-8B,dev_0134,8,10,129,129,18,276,111
deepseek-ai_DeepSeek-R1-Distill-Llama-8B,dev_0132,10,10,194,194,0,388,194
deepseek-ai_DeepSeek-R1-Distill-Llama-8B,dev_0146,5,6,72,72,11,155,61
deepseek-ai_DeepSeek-R1-Distill-Llama-8B,dev_0140,9,9,139,139,0,278,139
deepseek-ai_DeepSeek-R1-Distill-Llama-8B,dev_0126,10,11,199,199,18,416,181
deepseek-ai_DeepSeek-R1-Distill-Llama-8B,dev_0139,7,8,205,205,23,433,182
deepseek-ai_DeepSeek-R1-Distill-Llama-8B,dev_0144,8,8,116,116,0,232,116
deepseek-ai_DeepSeek-R1-Distill-Llama-8B,dev_0137,9,9,291,291,0,582,291
deepseek-ai_DeepSeek-R1-Distill-Llama-8B,dev_0148,7,8,178,178,20,376,158
deepseek-ai_DeepSeek-R1-Distill-Llama-8B,dev_0143,9,10,255,255,27,537,228
deepseek-ai_DeepSeek-R1-Distill-Llama-8B,dev_0153,7,7,94,94,0,188,94
deepseek-ai_DeepSeek-R1-Distill-Llama-8B,dev_0136,10,12,239,239,32,510,207
deepseek-ai_DeepSeek-R1-Distill-Llama-8B,dev_0154,7,7,67,67,0,134,67
deepseek-ai_DeepSeek-R1-Distill-Llama-8B,dev_0160,6,6,88,88,0,176,88
deepseek-ai_DeepSeek-R1-Distill-Llama-8B,dev_0152,10,10,96,96,0,192,96
deepseek-ai_DeepSeek-R1-Distill-Llama-8B,dev_0164,5,5,79,79,0,158,79
deepseek-ai_DeepSeek-R1-Distill-Llama-8B,dev_0158,7,7,153,153,0,306,153
deepseek-ai_DeepSeek-R1-Distill-Llama-8B,dev_0149,10,10,258,258,0,516,258
deepseek-ai_DeepSeek-R1-Distill-Llama-8B,dev_0161,6,6,128,128,0,256,128
deepseek-ai_DeepSeek-R1-Distill-Llama-8B,dev_0145,10,13,296,296,81,673,215
deepseek-ai_DeepSeek-R1-Distill-Llama-8B,dev_0142,10,14,241,241,71,553,170
deepseek-ai_DeepSeek-R1-Distill-Llama-8B,dev_0147,10,13,183,183,46,412,137
deepseek-ai_DeepSeek-R1-Distill-Llama-8B,dev_0150,10,13,198,198,33,429,165
deepseek-ai_DeepSeek-R1-Distill-Llama-8B,dev_0168,5,6,110,110,17,237,93
deepseek-ai_DeepSeek-R1-Distill-Llama-8B,dev_0165,7,7,222,222,0,444,222
deepseek-ai_DeepSeek-R1-Distill-Llama-8B,dev_0169,6,6,206,206,0,412,206
deepseek-ai_DeepSeek-R1-Distill-Llama-8B,dev_0170,7,7,157,157,0,314,157
deepseek-ai_DeepSeek-R1-Distill-Llama-8B,dev_0166,8,8,199,199,0,398,199
deepseek-ai_DeepSeek-R1-Distill-Llama-8B,dev_0171,6,6,104,104,0,208,104
deepseek-ai_DeepSeek-R1-Distill-Llama-8B,dev_0155,10,14,264,264,57,585,207
deepseek-ai_DeepSeek-R1-Distill-Llama-8B,dev_0162,10,11,299,299,28,626,271
deepseek-ai_DeepSeek-R1-Distill-Llama-8B,dev_0173,5,7,88,88,20,196,68
deepseek-ai_DeepSeek-R1-Distill-Llama-8B,dev_0172,6,8,141,141,29,311,112
deepseek-ai_DeepSeek-R1-Distill-Llama-8B,dev_0163,8,11,211,211,58,480,153
deepseek-ai_DeepSeek-R1-Distill-Llama-8B,dev_0174,7,8,149,149,26,324,123
deepseek-ai_DeepSeek-R1-Distill-Llama-8B,dev_0156,9,14,310,310,86,706,224
deepseek-ai_DeepSeek-R1-Distill-Llama-8B,dev_0180,5,6,115,115,15,245,100
deepseek-ai_DeepSeek-R1-Distill-Llama-8B,dev_0177,8,8,187,187,0,374,187
deepseek-ai_DeepSeek-R1-Distill-Llama-8B,dev_0182,6,6,86,86,0,172,86
deepseek-ai_DeepSeek-R1-Distill-Llama-8B,dev_0189,5,5,134,134,0,268,134
deepseek-ai_DeepSeek-R1-Distill-Llama-8B,dev_0181,7,7,199,199,0,398,199
deepseek-ai_DeepSeek-R1-Distill-Llama-8B,dev_0175,8,8,90,90,0,180,90
deepseek-ai_DeepSeek-R1-Distill-Llama-8B,dev_0186,6,6,152,152,0,304,152
deepseek-ai_DeepSeek-R1-Distill-Llama-8B,dev_0176,8,9,281,281,46,608,235
deepseek-ai_DeepSeek-R1-Distill-Llama-8B,dev_0187,7,7,75,75,0,150,75
deepseek-ai_DeepSeek-R1-Distill-Llama-8B,dev_0178,9,9,222,222,0,444,222
deepseek-ai_DeepSeek-R1-Distill-Llama-8B,dev_0183,8,8,236,236,0,472,236
deepseek-ai_DeepSeek-R1-Distill-Llama-8B,dev_0198,5,5,55,55,0,110,55
deepseek-ai_DeepSeek-R1-Distill-Llama-8B,dev_0194,7,7,174,174,0,348,174
deepseek-ai_DeepSeek-R1-Distill-Llama-8B,dev_0196,7,7,161,161,0,322,161
deepseek-ai_DeepSeek-R1-Distill-Llama-8B,dev_0197,5,8,103,103,42,248,61
deepseek-ai_DeepSeek-R1-Distill-Llama-8B,dev_0190,9,9,170,170,0,340,170
deepseek-ai_DeepSeek-R1-Distill-Llama-8B,dev_0179,10,13,262,262,68,592,194
deepseek-ai_DeepSeek-R1-Distill-Llama-8B,dev_0203,6,7,175,175,24,374,151
deepseek-ai_DeepSeek-R1-Distill-Llama-8B,dev_0192,8,10,236,236,27,499,209
deepseek-ai_DeepSeek-R1-Distill-Llama-8B,dev_0202,7,7,152,152,0,304,152
deepseek-ai_DeepSeek-R1-Distill-Llama-8B,dev_0193,8,9,157,157,14,328,143
deepseek-ai_DeepSeek-R1-Distill-Llama-8B,dev_0184,9,11,194,194,40,428,154
deepseek-ai_DeepSeek-R1-Distill-Llama-8B,dev_0200,8,8,176,176,0,352,176
deepseek-ai_DeepSeek-R1-Distill-Llama-8B,dev_0204,8,8,132,132,0,264,132
deepseek-ai_DeepSeek-R1-Distill-Llama-8B,dev_0206,6,7,155,155,19,329,136
deepseek-ai_DeepSeek-R1-Distill-Llama-8B,dev_0195,9,11,164,164,18,346,146
deepseek-ai_DeepSeek-R1-Distill-Llama-8B,dev_0199,8,9,181,181,21,383,160
deepseek-ai_DeepSeek-R1-Distill-Llama-8B,dev_0207,8,10,158,158,41,357,117
deepseek-ai_DeepSeek-R1-Distill-Llama-8B,dev_0201,10,11,200,200,10,410,190
deepseek-ai_DeepSeek-R1-Distill-Llama-8B,dev_0205,10,12,158,158,36,352,122
deepseek-ai_DeepSeek-R1-Distill-Llama-8B,dev_0211,8,8,172,172,0,344,172
deepseek-ai_DeepSeek-R1-Distill-Llama-8B,dev_0215,6,6,133,133,0,266,133
deepseek-ai_DeepSeek-R1-Distill-Llama-8B,dev_0214,7,7,146,146,0,292,146
deepseek-ai_DeepSeek-R1-Distill-Llama-8B,dev_0224,5,5,58,58,0,116,58
deepseek-ai_DeepSeek-R1-Distill-Llama-8B,dev_0213,7,9,202,202,28,432,174
deepseek-ai_DeepSeek-R1-Distill-Llama-8B,dev_0210,9,11,293,293,43,629,250
deepseek-ai_DeepSeek-R1-Distill-Llama-8B,dev_0222,5,6,154,154,21,329,133
deepseek-ai_DeepSeek-R1-Distill-Llama-8B,dev_0216,7,7,209,209,0,418,209
deepseek-ai_DeepSeek-R1-Distill-Llama-8B,dev_0227,6,6,105,105,0,210,105
deepseek-ai_DeepSeek-R1-Distill-Llama-8B,dev_0220,8,8,116,116,0,232,116
deepseek-ai_DeepSeek-R1-Distill-Llama-8B,dev_0218,8,8,188,188,0,376,188
deepseek-ai_DeepSeek-R1-Distill-Llama-8B,dev_0231,6,6,137,137,0,274,137
deepseek-ai_DeepSeek-R1-Distill-Llama-8B,dev_0221,10,10,204,204,0,408,204
deepseek-ai_DeepSeek-R1-Distill-Llama-8B,dev_0228,5,7,139,139,18,296,121
deepseek-ai_DeepSeek-R1-Distill-Llama-8B,dev_0234,6,6,132,132,0,264,132
deepseek-ai_DeepSeek-R1-Distill-Llama-8B,dev_0226,8,9,145,145,12,302,133
deepseek-ai_DeepSeek-R1-Distill-Llama-8B,dev_0212,10,13,233,233,34,500,199
deepseek-ai_DeepSeek-R1-Distill-Llama-8B,dev_0233,6,7,149,149,20,318,129
deepseek-ai_DeepSeek-R1-Distill-Llama-8B,dev_0238,7,7,146,146,0,292,146
deepseek-ai_DeepSeek-R1-Distill-Llama-8B,dev_0223,8,10,179,179,35,393,144
deepseek-ai_DeepSeek-R1-Distill-Llama-8B,dev_0217,10,12,222,222,27,471,195
deepseek-ai_DeepSeek-R1-Distill-Llama-8B,dev_0239,7,7,124,124,0,248,124
deepseek-ai_DeepSeek-R1-Distill-Llama-8B,dev_0219,10,12,252,252,33,537,219
deepseek-ai_DeepSeek-R1-Distill-Llama-8B,dev_0236,8,9,297,297,32,626,265
deepseek-ai_DeepSeek-R1-Distill-Llama-8B,dev_0230,10,10,220,220,0,440,220
deepseek-ai_DeepSeek-R1-Distill-Llama-8B,dev_0243,7,7,110,110,0,220,110
deepseek-ai_DeepSeek-R1-Distill-Llama-8B,dev_0240,9,9,166,166,0,332,166
deepseek-ai_DeepSeek-R1-Distill-Llama-8B,dev_0255,5,5,110,110,0,220,110
deepseek-ai_DeepSeek-R1-Distill-Llama-8B,dev_0246,9,9,234,234,0,468,234
deepseek-ai_DeepSeek-R1-Distill-Llama-8B,dev_0241,10,11,293,293,34,620,259
deepseek-ai_DeepSeek-R1-Distill-Llama-8B,dev_0260,8,8,112,112,0,224,112
deepseek-ai_DeepSeek-R1-Distill-Llama-8B,dev_0249,9,9,171,171,0,342,171
deepseek-ai_DeepSeek-R1-Distill-Llama-8B,dev_0254,7,8,211,211,27,449,184
deepseek-ai_DeepSeek-R1-Distill-Llama-8B,dev_0252,9,9,193,193,0,386,193
deepseek-ai_DeepSeek-R1-Distill-Llama-8B,dev_0250,9,9,149,149,0,298,149
deepseek-ai_DeepSeek-R1-Distill-Llama-8B,dev_0261,6,8,100,100,22,222,78
deepseek-ai_DeepSeek-R1-Distill-Llama-8B,dev_0256,9,9,207,207,0,414,207
deepseek-ai_DeepSeek-R1-Distill-Llama-8B,dev_0258,9,9,258,258,0,516,258
deepseek-ai_DeepSeek-R1-Distill-Llama-8B,dev_0244,10,12,281,281,38,600,243
deepseek-ai_DeepSeek-R1-Distill-Llama-8B,dev_0247,9,11,190,190,45,425,145
deepseek-ai_DeepSeek-R1-Distill-Llama-8B,dev_0251,7,11,153,153,53,359,100
deepseek-ai_DeepSeek-R1-Distill-Llama-8B,dev_0262,7,10,231,231,71,533,160
deepseek-ai_DeepSeek-R1-Distill-Llama-8B,dev_0268,7,7,201,201,0,402,201
deepseek-ai_DeepSeek-R1-Distill-Llama-8B,dev_0267,8,8,250,250,0,500,250
deepseek-ai_DeepSeek-R1-Distill-Llama-8B,dev_0242,10,15,212,212,40,464,172
deepseek-ai_DeepSeek-R1-Distill-Llama-8B,dev_0270,6,7,186,186,31,403,155
deepseek-ai_DeepSeek-R1-Distill-Llama-8B,dev_0266,9,11,145,145,36,326,109
deepseek-ai_DeepSeek-R1-Distill-Llama-8B,dev_0272,6,7,115,115,31,261,84
deepseek-ai_DeepSeek-R1-Distill-Llama-8B,dev_0273,5,7,152,152,48,352,104
deepseek-ai_DeepSeek-R1-Distill-Llama-8B,dev_0282,5,5,131,131,0,262,131
deepseek-ai_DeepSeek-R1-Distill-Llama-8B,dev_0274,7,8,205,205,25,435,180
deepseek-ai_DeepSeek-R1-Distill-Llama-8B,dev_0276,8,8,117,117,0,234,117
deepseek-ai_DeepSeek-R1-Distill-Llama-8B,dev_0284,5,6,84,84,15,183,69
deepseek-ai_DeepSeek-R1-Distill-Llama-8B,dev_0279,7,8,169,169,18,356,151
deepseek-ai_DeepSeek-R1-Distill-Llama-8B,dev_0278,8,8,128,128,0,256,128
deepseek-ai_DeepSeek-R1-Distill-Llama-8B,dev_0291,5,5,112,112,0,224,112
deepseek-ai_DeepSeek-R1-Distill-Llama-8B,dev_0283,5,7,147,147,42,336,105
deepseek-ai_DeepSeek-R1-Distill-Llama-8B,dev_0271,10,12,255,255,14,524,241
deepseek-ai_DeepSeek-R1-Distill-Llama-8B,dev_0290,5,7,195,195,47,437,148
deepseek-ai_DeepSeek-R1-Distill-Llama-8B,dev_0280,8,9,130,130,12,272,118
deepseek-ai_DeepSeek-R1-Distill-Llama-8B,dev_0293,6,7,126,126,15,267,111
deepseek-ai_DeepSeek-R1-Distill-Llama-8B,dev_0277,9,10,241,241,31,513,210
deepseek-ai_DeepSeek-R1-Distill-Llama-8B,dev_0281,10,10,257,257,0,514,257
deepseek-ai_DeepSeek-R1-Distill-Llama-8B,dev_0298,5,5,100,100,0,200,100
deepseek-ai_DeepSeek-R1-Distill-Llama-8B,dev_0286,9,9,138,138,0,276,138
deepseek-ai_DeepSeek-R1-Distill-Llama-8B,dev_0294,6,8,180,180,45,405,135
deepseek-ai_DeepSeek-R1-Distill-Llama-8B,dev_0285,10,10,340,340,0,680,340
deepseek-ai_DeepSeek-R1-Distill-Llama-8B,dev_0295,8,8,137,137,0,274,137
deepseek-ai_DeepSeek-R1-Distill-Llama-8B,dev_0302,6,6,210,210,0,420,210
deepseek-ai_DeepSeek-R1-Distill-Llama-8B,dev_0296,7,8,145,145,24,314,121
deepseek-ai_DeepSeek-R1-Distill-Llama-8B,dev_0297,8,8,232,232,0,464,232
deepseek-ai_DeepSeek-R1-Distill-Llama-8B,dev_0305,5,6,74,74,12,160,62
deepseek-ai_DeepSeek-R1-Distill-Llama-8B,dev_0292,9,9,255,255,0,510,255
deepseek-ai_DeepSeek-R1-Distill-Llama-8B,dev_0308,5,5,111,111,0,222,111
deepseek-ai_DeepSeek-R1-Distill-Llama-8B,dev_0306,7,7,178,178,0,356,178
deepseek-ai_DeepSeek-R1-Distill-Llama-8B,dev_0307,6,6,147,147,0,294,147
deepseek-ai_DeepSeek-R1-Distill-Llama-8B,dev_0300,9,10,134,134,9,277,125
deepseek-ai_DeepSeek-R1-Distill-Llama-8B,dev_0317,5,5,95,95,0,190,95
deepseek-ai_DeepSeek-R1-Distill-Llama-8B,dev_0304,8,8,208,208,0,416,208
deepseek-ai_DeepSeek-R1-Distill-Llama-8B,dev_0310,6,7,82,82,11,175,71
deepseek-ai_DeepSeek-R1-Distill-Llama-8B,dev_0303,10,10,188,188,0,376,188
deepseek-ai_DeepSeek-R1-Distill-Llama-8B,dev_0319,6,6,124,124,0,248,124
deepseek-ai_DeepSeek-R1-Distill-Llama-8B,dev_0309,9,9,216,216,0,432,216
deepseek-ai_DeepSeek-R1-Distill-Llama-8B,dev_0315,7,9,76,76,18,170,58
deepseek-ai_DeepSeek-R1-Distill-Llama-8B,dev_0320,8,8,229,229,0,458,229
deepseek-ai_DeepSeek-R1-Distill-Llama-8B,dev_0313,9,11,185,185,35,405,150
deepseek-ai_DeepSeek-R1-Distill-Llama-8B,dev_0314,10,10,207,207,0,414,207
deepseek-ai_DeepSeek-R1-Distill-Llama-8B,dev_0321,6,8,200,200,39,439,161
deepseek-ai_DeepSeek-R1-Distill-Llama-8B,dev_0330,7,7,161,161,0,322,161
deepseek-ai_DeepSeek-R1-Distill-Llama-8B,dev_0318,10,10,320,320,0,640,320
deepseek-ai_DeepSeek-R1-Distill-Llama-8B,dev_0331,8,8,193,193,0,386,193
deepseek-ai_DeepSeek-R1-Distill-Llama-8B,dev_0325,7,10,119,119,16,254,103
deepseek-ai_DeepSeek-R1-Distill-Llama-8B,dev_0329,7,10,185,185,52,422,133
deepseek-ai_DeepSeek-R1-Distill-Llama-8B,dev_0327,8,10,230,230,41,501,189
deepseek-ai_DeepSeek-R1-Distill-Llama-8B,dev_0322,10,12,208,208,30,446,178
deepseek-ai_DeepSeek-R1-Distill-Llama-8B,dev_0323,10,11,229,229,21,479,208
deepseek-ai_DeepSeek-R1-Distill-Llama-8B,dev_0326,10,12,228,228,36,492,192
deepseek-ai_DeepSeek-R1-Distill-Llama-8B,dev_0332,8,12,213,213,40,466,173
google_gemma-3-12b-it,dev_0004,2,3,54,54,16,124,38
google_gemma-3-12b-it,dev_0037,5,5,131,131,0,262,131
google_gemma-3-12b-it,dev_0038,5,5,120,120,0,240,120
google_gemma-3-12b-it,dev_0036,5,5,128,128,0,256,128
google_gemma-3-12b-it,dev_0008,5,5,162,162,0,324,162
google_gemma-3-12b-it,dev_0035,6,6,150,150,0,300,150
google_gemma-3-12b-it,dev_0003,6,6,154,154,0,308,154
google_gemma-3-12b-it,dev_0014,6,6,149,149,0,298,149
google_gemma-3-12b-it,dev_0009,6,6,162,162,0,324,162
google_gemma-3-12b-it,dev_0032,7,7,158,158,0,316,158
google_gemma-3-12b-it,dev_0027,7,8,192,192,27,411,165
google_gemma-3-12b-it,dev_0029,8,8,219,219,0,438,219
google_gemma-3-12b-it,dev_0031,10,10,250,250,0,500,250
google_gemma-3-12b-it,dev_0021,9,9,230,230,0,460,230
google_gemma-3-12b-it,dev_0028,9,9,247,247,0,494,247
google_gemma-3-12b-it,dev_0020,10,10,284,284,0,568,284
google_gemma-3-12b-it,dev_0045,5,5,110,110,0,220,110
google_gemma-3-12b-it,dev_0039,6,6,165,165,0,330,165
google_gemma-3-12b-it,dev_0022,9,9,249,249,0,498,249
google_gemma-3-12b-it,dev_0025,8,9,238,238,20,496,218
google_gemma-3-12b-it,dev_0030,10,10,281,281,0,562,281
google_gemma-3-12b-it,dev_0015,10,10,307,307,0,614,307
google_gemma-3-12b-it,dev_0047,6,6,194,194,0,388,194
google_gemma-3-12b-it,dev_0046,6,7,175,175,19,369,156
google_gemma-3-12b-it,dev_0048,7,7,176,176,0,352,176
google_gemma-3-12b-it,dev_0040,10,10,203,203,0,406,203
google_gemma-3-12b-it,dev_0042,8,8,220,220,0,440,220
google_gemma-3-12b-it,dev_0044,8,8,231,231,0,462,231
google_gemma-3-12b-it,dev_0049,8,8,192,192,0,384,192
google_gemma-3-12b-it,dev_0041,10,10,285,285,0,570,285
google_gemma-3-12b-it,dev_0055,8,8,219,219,0,438,219
google_gemma-3-12b-it,dev_0050,8,8,220,220,0,440,220
google_gemma-3-12b-it,dev_0058,7,7,209,209,0,418,209
google_gemma-3-12b-it,dev_0051,9,9,219,219,0,438,219
google_gemma-3-12b-it,dev_0062,7,7,192,192,0,384,192
google_gemma-3-12b-it,dev_0059,8,8,222,222,0,444,222
google_gemma-3-12b-it,dev_0056,9,9,261,261,0,522,261
google_gemma-3-12b-it,dev_0068,6,6,173,173,0,346,173
google_gemma-3-12b-it,dev_0052,9,9,259,259,0,518,259
google_gemma-3-12b-it,dev_0072,6,6,143,143,0,286,143
google_gemma-3-12b-it,dev_0054,10,10,247,247,0,494,247
google_gemma-3-12b-it,dev_0063,9,9,214,214,0,428,214
google_gemma-3-12b-it,dev_0060,10,10,264,264,0,528,264
google_gemma-3-12b-it,dev_0065,9,9,243,243,0,486,243
google_gemma-3-12b-it,dev_0074,6,6,149,149,0,298,149
google_gemma-3-12b-it,dev_0078,5,5,119,119,0,238,119
google_gemma-3-12b-it,dev_0066,9,9,234,234,0,468,234
google_gemma-3-12b-it,dev_0076,8,8,172,172,0,344,172
google_gemma-3-12b-it,dev_0070,10,10,290,290,0,580,290
google_gemma-3-12b-it,dev_0073,9,9,294,294,0,588,294
google_gemma-3-12b-it,dev_0075,8,8,215,215,0,430,215
google_gemma-3-12b-it,dev_0071,10,10,270,270,0,540,270
google_gemma-3-12b-it,dev_0083,7,7,182,182,0,364,182
google_gemma-3-12b-it,dev_0079,10,10,259,259,0,518,259
google_gemma-3-12b-it,dev_0080,8,8,206,206,0,412,206
google_gemma-3-12b-it,dev_0085,7,7,171,171,0,342,171
google_gemma-3-12b-it,dev_0084,7,7,202,202,0,404,202
google_gemma-3-12b-it,dev_0086,8,8,203,203,0,406,203
google_gemma-3-12b-it,dev_0082,9,9,241,241,0,482,241
google_gemma-3-12b-it,dev_0081,9,9,258,258,0,516,258
google_gemma-3-12b-it,dev_0095,5,5,119,119,0,238,119
google_gemma-3-12b-it,dev_0093,6,6,154,154,0,308,154
google_gemma-3-12b-it,dev_0092,7,7,172,172,0,344,172
google_gemma-3-12b-it,dev_0091,8,8,183,183,0,366,183
google_gemma-3-12b-it,dev_0089,8,8,167,167,0,334,167
google_gemma-3-12b-it,dev_0088,9,9,201,201,0,402,201
google_gemma-3-12b-it,dev_0090,8,8,257,257,0,514,257
google_gemma-3-12b-it,dev_0098,5,5,131,131,0,262,131
google_gemma-3-12b-it,dev_0096,6,6,147,147,0,294,147
google_gemma-3-12b-it,dev_0100,5,5,139,139,0,278,139
google_gemma-3-12b-it,dev_0087,10,10,266,266,0,532,266
google_gemma-3-12b-it,dev_0094,9,9,236,236,0,472,236
google_gemma-3-12b-it,dev_0115,5,5,113,113,0,226,113
google_gemma-3-12b-it,dev_0104,6,6,173,173,0,346,173
google_gemma-3-12b-it,dev_0099,9,9,251,251,0,502,251
google_gemma-3-12b-it,dev_0114,6,6,118,118,0,236,118
google_gemma-3-12b-it,dev_0112,7,7,191,191,0,382,191
google_gemma-3-12b-it,dev_0113,7,7,179,179,0,358,179
google_gemma-3-12b-it,dev_0105,9,9,238,238,0,476,238
google_gemma-3-12b-it,dev_0107,8,8,215,215,0,430,215
google_gemma-3-12b-it,dev_0103,9,9,220,220,0,440,220
google_gemma-3-12b-it,dev_0117,7,7,187,187,0,374,187
google_gemma-3-12b-it,dev_0116,7,8,182,182,18,382,164
google_gemma-3-12b-it,dev_0097,10,12,303,303,34,640,269
google_gemma-3-12b-it,dev_0120,5,5,138,138,0,276,138
google_gemma-3-12b-it,dev_0110,9,9,261,261,0,522,261
google_gemma-3-12b-it,dev_0122,5,5,156,156,0,312,156
google_gemma-3-12b-it,dev_0111,10,10,280,280,0,560,280
google_gemma-3-12b-it,dev_0109,10,10,283,283,0,566,283
google_gemma-3-12b-it,dev_0124,6,6,141,141,0,282,141
google_gemma-3-12b-it,dev_0108,9,9,227,227,0,454,227
google_gemma-3-12b-it,dev_0102,10,11,345,345,27,717,318
google_gemma-3-12b-it,dev_0127,5,5,120,120,0,240,120
google_gemma-3-12b-it,dev_0119,9,9,212,212,0,424,212
google_gemma-3-12b-it,dev_0118,10,10,257,257,0,514,257
google_gemma-3-12b-it,dev_0128,8,8,193,193,0,386,193
google_gemma-3-12b-it,dev_0135,6,6,162,162,0,324,162
google_gemma-3-12b-it,dev_0130,6,8,158,158,35,351,123
google_gemma-3-12b-it,dev_0133,7,8,203,203,20,426,183
google_gemma-3-12b-it,dev_0138,6,6,159,159,0,318,159
google_gemma-3-12b-it,dev_0126,10,10,374,374,0,748,374
google_gemma-3-12b-it,dev_0131,8,8,241,241,0,482,241
google_gemma-3-12b-it,dev_0139,7,7,159,159,0,318,159
google_gemma-3-12b-it,dev_0146,5,5,139,139,0,278,139
google_gemma-3-12b-it,dev_0134,8,8,255,255,0,510,255
google_gemma-3-12b-it,dev_0144,8,8,223,223,0,446,223
google_gemma-3-12b-it,dev_0132,10,10,307,307,0,614,307
google_gemma-3-12b-it,dev_0140,9,10,278,278,29,585,249
google_gemma-3-12b-it,dev_0143,9,9,240,240,0,480,240
google_gemma-3-12b-it,dev_0137,9,9,267,267,0,534,267
google_gemma-3-12b-it,dev_0136,10,10,292,292,0,584,292
google_gemma-3-12b-it,dev_0148,7,7,194,194,0,388,194
google_gemma-3-12b-it,dev_0145,10,10,284,284,0,568,284
google_gemma-3-12b-it,dev_0147,10,10,261,261,0,522,261
google_gemma-3-12b-it,dev_0142,10,11,299,299,22,620,277
google_gemma-3-12b-it,dev_0161,6,6,148,148,0,296,148
google_gemma-3-12b-it,dev_0160,6,6,142,142,0,284,142
google_gemma-3-12b-it,dev_0154,7,7,188,188,0,376,188
google_gemma-3-12b-it,dev_0153,7,7,187,187,0,374,187
google_gemma-3-12b-it,dev_0158,7,7,211,211,0,422,211
google_gemma-3-12b-it,dev_0164,5,5,130,130,0,260,130
google_gemma-3-12b-it,dev_0168,5,5,146,146,0,292,146
google_gemma-3-12b-it,dev_0149,10,10,252,252,0,504,252
google_gemma-3-12b-it,dev_0150,10,10,284,284,0,568,284
google_gemma-3-12b-it,dev_0155,10,10,254,254,0,508,254
google_gemma-3-12b-it,dev_0152,10,10,232,232,0,464,232
google_gemma-3-12b-it,dev_0156,9,10,266,266,23,555,243
google_gemma-3-12b-it,dev_0169,6,6,187,187,0,374,187
google_gemma-3-12b-it,dev_0170,7,7,204,204,0,408,204
google_gemma-3-12b-it,dev_0163,8,8,176,176,0,352,176
google_gemma-3-12b-it,dev_0165,7,7,200,200,0,400,200
google_gemma-3-12b-it,dev_0171,6,6,116,116,0,232,116
google_gemma-3-12b-it,dev_0166,8,8,194,194,0,388,194
google_gemma-3-12b-it,dev_0172,6,6,141,141,0,282,141
google_gemma-3-12b-it,dev_0173,5,6,125,125,25,275,100
google_gemma-3-12b-it,dev_0162,10,10,303,303,0,606,303
google_gemma-3-12b-it,dev_0180,5,5,123,123,0,246,123
google_gemma-3-12b-it,dev_0174,7,7,186,186,0,372,186
google_gemma-3-12b-it,dev_0182,6,6,131,131,0,262,131
google_gemma-3-12b-it,dev_0175,8,8,194,194,0,388,194
google_gemma-3-12b-it,dev_0189,5,5,130,130,0,260,130
google_gemma-3-12b-it,dev_0177,8,8,202,202,0,404,202
google_gemma-3-12b-it,dev_0181,7,7,221,221,0,442,221
google_gemma-3-12b-it,dev_0178,9,9,182,182,0,364,182
google_gemma-3-12b-it,dev_0186,6,6,129,129,0,258,129
google_gemma-3-12b-it,dev_0176,8,9,225,225,21,471,204
google_gemma-3-12b-it,dev_0194,7,7,147,147,0,294,147
google_gemma-3-12b-it,dev_0187,7,7,207,207,0,414,207
google_gemma-3-12b-it,dev_0183,8,8,215,215,0,430,215
google_gemma-3-12b-it,dev_0184,9,9,225,225,0,450,225
google_gemma-3-12b-it,dev_0192,8,8,200,200,0,400,200
google_gemma-3-12b-it,dev_0197,5,5,110,110,0,220,110
google_gemma-3-12b-it,dev_0193,8,8,195,195,0,390,195
google_gemma-3-12b-it,dev_0198,5,5,112,112,0,224,112
google_gemma-3-12b-it,dev_0190,9,9,253,253,0,506,253
google_gemma-3-12b-it,dev_0179,10,10,293,293,0,586,293
google_gemma-3-12b-it,dev_0196,7,7,144,144,0,288,144
google_gemma-3-12b-it,dev_0195,9,10,239,239,25,503,214
google_gemma-3-12b-it,dev_0199,8,8,195,195,0,390,195
google_gemma-3-12b-it,dev_0203,6,6,169,169,0,338,169
google_gemma-3-12b-it,dev_0202,7,7,170,170,0,340,170
google_gemma-3-12b-it,dev_0206,6,6,166,166,0,332,166
google_gemma-3-12b-it,dev_0200,8,8,207,207,0,414,207
google_gemma-3-12b-it,dev_0204,8,8,226,226,0,452,226
google_gemma-3-12b-it,dev_0205,10,10,249,249,0,498,249
google_gemma-3-12b-it,dev_0211,8,8,201,201,0,402,201
google_gemma-3-12b-it,dev_0213,7,7,195,195,0,390,195
google_gemma-3-12b-it,dev_0215,6,6,200,200,0,400,200
google_gemma-3-12b-it,dev_0214,7,7,160,160,0,320,160
google_gemma-3-12b-it,dev_0207,8,8,223,223,0,446,223
google_gemma-3-12b-it,dev_0201,10,10,240,240,0,480,240
google_gemma-3-12b-it,dev_0216,7,7,193,193,0,386,193
google_gemma-3-12b-it,dev_0212,10,10,229,229,0,458,229
google_gemma-3-12b-it,dev_0210,9,9,225,225,0,450,225
google_gemma-3-12b-it,dev_0222,5,5,112,112,0,224,112
google_gemma-3-12b-it,dev_0224,5,5,120,120,0,240,120
google_gemma-3-12b-it,dev_0218,8,8,227,227,0,454,227
google_gemma-3-12b-it,dev_0228,5,5,138,138,0,276,138
google_gemma-3-12b-it,dev_0217,10,10,297,297,0,594,297
google_gemma-3-12b-it,dev_0220,8,8,234,234,0,468,234
google_gemma-3-12b-it,dev_0227,6,6,119,119,0,238,119
google_gemma-3-12b-it,dev_0238,7,7,143,143,0,286,143
google_gemma-3-12b-it,dev_0223,8,8,216,216,0,432,216
google_gemma-3-12b-it,dev_0233,6,6,116,116,0,232,116
google_gemma-3-12b-it,dev_0219,10,10,314,314,0,628,314
google_gemma-3-12b-it,dev_0231,6,6,149,149,0,298,149
google_gemma-3-12b-it,dev_0234,6,6,177,177,0,354,177
google_gemma-3-12b-it,dev_0226,8,8,215,215,0,430,215
google_gemma-3-12b-it,dev_0221,10,10,318,318,0,636,318
google_gemma-3-12b-it,dev_0239,7,7,244,244,0,488,244
google_gemma-3-12b-it,dev_0230,10,10,284,284,0,568,284
google_gemma-3-12b-it,dev_0243,7,8,186,186,20,392,166
google_gemma-3-12b-it,dev_0236,8,10,253,253,44,550,209
google_gemma-3-12b-it,dev_0240,9,9,248,248,0,496,248
google_gemma-3-12b-it,dev_0241,10,10,259,259,0,518,259
google_gemma-3-12b-it,dev_0255,5,5,156,156,0,312,156
google_gemma-3-12b-it,dev_0247,9,9,248,248,0,496,248
google_gemma-3-12b-it,dev_0242,10,10,262,262,0,524,262
google_gemma-3-12b-it,dev_0251,7,7,170,170,0,340,170
google_gemma-3-12b-it,dev_0261,6,6,149,149,0,298,149
google_gemma-3-12b-it,dev_0244,10,10,304,304,0,608,304
google_gemma-3-12b-it,dev_0249,9,9,333,333,0,666,333
google_gemma-3-12b-it,dev_0250,9,9,237,237,0,474,237
google_gemma-3-12b-it,dev_0262,7,7,172,172,0,344,172
google_gemma-3-12b-it,dev_0246,9,9,248,248,0,496,248
google_gemma-3-12b-it,dev_0254,7,7,187,187,0,374,187
google_gemma-3-12b-it,dev_0260,8,8,213,213,0,426,213
google_gemma-3-12b-it,dev_0258,9,9,230,230,0,460,230
google_gemma-3-12b-it,dev_0252,9,9,247,247,0,494,247
google_gemma-3-12b-it,dev_0256,9,9,248,248,0,496,248
google_gemma-3-12b-it,dev_0273,5,5,135,135,0,270,135
google_gemma-3-12b-it,dev_0270,6,6,159,159,0,318,159
google_gemma-3-12b-it,dev_0272,6,6,211,211,0,422,211
google_gemma-3-12b-it,dev_0284,5,5,127,127,0,254,127
google_gemma-3-12b-it,dev_0268,7,7,233,233,0,466,233
google_gemma-3-12b-it,dev_0283,5,5,136,136,0,272,136
google_gemma-3-12b-it,dev_0282,5,5,90,90,0,180,90
google_gemma-3-12b-it,dev_0274,7,7,196,196,0,392,196
google_gemma-3-12b-it,dev_0267,8,8,197,197,0,394,197
google_gemma-3-12b-it,dev_0266,9,9,244,244,0,488,244
google_gemma-3-12b-it,dev_0290,5,5,143,143,0,286,143
google_gemma-3-12b-it,dev_0278,8,8,194,194,0,388,194
google_gemma-3-12b-it,dev_0271,10,10,265,265,0,530,265
google_gemma-3-12b-it,dev_0276,8,8,262,262,0,524,262
google_gemma-3-12b-it,dev_0279,7,8,188,188,21,397,167
google_gemma-3-12b-it,dev_0280,8,8,239,239,0,478,239
google_gemma-3-12b-it,dev_0291,5,5,142,142,0,284,142
google_gemma-3-12b-it,dev_0277,9,9,209,209,0,418,209
google_gemma-3-12b-it,dev_0298,5,5,130,130,0,260,130
google_gemma-3-12b-it,dev_0281,10,10,278,278,0,556,278
google_gemma-3-12b-it,dev_0294,6,6,121,121,0,242,121
google_gemma-3-12b-it,dev_0286,9,9,217,217,0,434,217
google_gemma-3-12b-it,dev_0293,6,7,165,165,30,360,135
google_gemma-3-12b-it,dev_0285,10,11,224,224,27,475,197
google_gemma-3-12b-it,dev_0302,6,6,168,168,0,336,168
google_gemma-3-12b-it,dev_0305,5,5,136,136,0,272,136
google_gemma-3-12b-it,dev_0296,7,7,172,172,0,344,172
google_gemma-3-12b-it,dev_0308,5,5,144,144,0,288,144
google_gemma-3-12b-it,dev_0295,8,8,221,221,0,442,221
google_gemma-3-12b-it,dev_0292,9,9,321,321,0,642,321
google_gemma-3-12b-it,dev_0297,8,8,185,185,0,370,185
google_gemma-3-12b-it,dev_0307,6,6,175,175,0,350,175
google_gemma-3-12b-it,dev_0300,9,9,276,276,0,552,276
google_gemma-3-12b-it,dev_0310,6,6,125,125,0,250,125
google_gemma-3-12b-it,dev_0306,7,8,211,211,24,446,187
google_gemma-3-12b-it,dev_0304,8,9,223,223,22,468,201
google_gemma-3-12b-it,dev_0317,5,6,151,151,26,328,125
google_gemma-3-12b-it,dev_0303,10,10,270,270,0,540,270
google_gemma-3-12b-it,dev_0319,6,6,165,165,0,330,165
google_gemma-3-12b-it,dev_0315,7,7,171,171,0,342,171
google_gemma-3-12b-it,dev_0321,6,6,176,176,0,352,176
google_gemma-3-12b-it,dev_0309,9,11,239,239,32,510,207
google_gemma-3-12b-it,dev_0325,7,7,168,168,0,336,168
google_gemma-3-12b-it,dev_0313,9,9,242,242,0,484,242
google_gemma-3-12b-it,dev_0314,10,10,276,276,0,552,276
google_gemma-3-12b-it,dev_0320,8,8,250,250,0,500,250
google_gemma-3-12b-it,dev_0329,7,7,186,186,0,372,186
google_gemma-3-12b-it,dev_0327,8,8,223,223,0,446,223
google_gemma-3-12b-it,dev_0330,7,7,166,166,0,332,166
google_gemma-3-12b-it,dev_0318,10,10,271,271,0,542,271
google_gemma-3-12b-it,dev_0332,8,8,230,230,0,460,230
google_gemma-3-12b-it,dev_0331,8,8,217,217,0,434,217
google_gemma-3-12b-it,dev_0322,10,10,254,254,0,508,254
google_gemma-3-12b-it,dev_0323,10,10,242,242,0,484,242
google_gemma-3-12b-it,dev_0326,10,10,284,284,0,568,284
gpt-4o-mini,dev_0004,2,2,41,41,0,82,41
gpt-4o-mini,dev_0008,5,5,81,81,0,162,81
gpt-4o-mini,dev_0045,5,5,117,117,0,234,117
gpt-4o-mini,dev_0038,5,5,78,78,0,156,78
gpt-4o-mini,dev_0037,5,5,102,102,0,204,102
gpt-4o-mini,dev_0036,5,5,70,70,0,140,70
gpt-4o-mini,dev_0046,6,6,116,116,0,232,116
gpt-4o-mini,dev_0014,6,6,100,100,0,200,100
gpt-4o-mini,dev_0003,6,6,129,129,0,258,129
gpt-4o-mini,dev_0047,6,6,113,113,0,226,113
gpt-4o-mini,dev_0035,6,6,99,99,0,198,99
gpt-4o-mini,dev_0039,6,6,99,99,0,198,99
gpt-4o-mini,dev_0027,7,7,86,86,0,172,86
gpt-4o-mini,dev_0048,7,7,95,95,0,190,95
gpt-4o-mini,dev_0009,6,6,122,122,0,244,122
gpt-4o-mini,dev_0032,7,7,124,124,0,248,124
gpt-4o-mini,dev_0029,8,8,124,124,0,248,124
gpt-4o-mini,dev_0042,8,8,154,154,0,308,154
gpt-4o-mini,dev_0021,9,9,135,135,0,270,135
gpt-4o-mini,dev_0028,9,9,143,143,0,286,143
gpt-4o-mini,dev_0049,8,8,125,125,0,250,125
gpt-4o-mini,dev_0025,8,8,169,169,0,338,169
gpt-4o-mini,dev_0022,9,9,135,135,0,270,135
gpt-4o-mini,dev_0030,10,10,159,159,0,318,159
gpt-4o-mini,dev_0044,8,9,155,155,19,329,136
gpt-4o-mini,dev_0015,10,10,135,135,0,270,135
gpt-4o-mini,dev_0050,8,8,166,166,0,332,166
gpt-4o-mini,dev_0031,10,10,199,199,0,398,199
gpt-4o-mini,dev_0040,10,10,245,245,0,490,245
gpt-4o-mini,dev_0020,10,10,170,170,0,340,170
gpt-4o-mini,dev_0041,10,10,215,215,0,430,215
gpt-4o-mini,dev_0062,7,7,85,85,0,170,85
gpt-4o-mini,dev_0068,6,6,88,88,0,176,88
gpt-4o-mini,dev_0055,8,8,161,161,0,322,161
gpt-4o-mini,dev_0078,5,5,92,92,0,184,92
gpt-4o-mini,dev_0058,7,7,105,105,0,210,105
gpt-4o-mini,dev_0072,6,6,105,105,0,210,105
gpt-4o-mini,dev_0051,9,9,124,124,0,248,124
gpt-4o-mini,dev_0059,8,8,121,121,0,242,121
gpt-4o-mini,dev_0052,9,9,182,182,0,364,182
gpt-4o-mini,dev_0074,6,6,96,96,0,192,96
gpt-4o-mini,dev_0056,9,9,138,138,0,276,138
gpt-4o-mini,dev_0054,10,10,159,159,0,318,159
gpt-4o-mini,dev_0063,9,9,141,141,0,282,141
gpt-4o-mini,dev_0065,9,9,186,186,0,372,186
gpt-4o-mini,dev_0066,9,9,148,148,0,296,148
gpt-4o-mini,dev_0070,10,10,179,179,0,358,179
gpt-4o-mini,dev_0076,8,8,153,153,0,306,153
gpt-4o-mini,dev_0075,8,8,113,113,0,226,113
gpt-4o-mini,dev_0080,8,8,119,119,0,238,119
gpt-4o-mini,dev_0085,7,7,108,108,0,216,108
gpt-4o-mini,dev_0084,7,7,142,142,0,284,142
gpt-4o-mini,dev_0071,10,10,146,146,0,292,146
gpt-4o-mini,dev_0073,9,9,161,161,0,322,161
gpt-4o-mini,dev_0060,10,11,217,217,20,454,197
gpt-4o-mini,dev_0083,7,8,126,126,14,266,112
gpt-4o-mini,dev_0095,5,5,76,76,0,152,76
gpt-4o-mini,dev_0081,9,9,190,190,0,380,190
gpt-4o-mini,dev_0093,6,6,84,84,0,168,84
gpt-4o-mini,dev_0079,10,10,182,182,0,364,182
gpt-4o-mini,dev_0086,8,8,103,103,0,206,103
gpt-4o-mini,dev_0082,9,10,188,188,20,396,168
gpt-4o-mini,dev_0098,5,5,102,102,0,204,102
gpt-4o-mini,dev_0100,5,5,94,94,0,188,94
gpt-4o-mini,dev_0096,6,6,116,116,0,232,116
gpt-4o-mini,dev_0092,7,7,116,116,0,232,116
gpt-4o-mini,dev_0087,10,10,180,180,0,360,180
gpt-4o-mini,dev_0089,8,8,123,123,0,246,123
gpt-4o-mini,dev_0091,8,8,128,128,0,256,128
gpt-4o-mini,dev_0088,9,9,153,153,0,306,153
gpt-4o-mini,dev_0094,9,9,155,155,0,310,155
gpt-4o-mini,dev_0104,6,6,91,91,0,182,91
gpt-4o-mini,dev_0090,8,9,138,138,18,294,120
gpt-4o-mini,dev_0115,5,5,83,83,0,166,83
gpt-4o-mini,dev_0097,10,10,138,138,0,276,138
gpt-4o-mini,dev_0120,5,5,77,77,0,154,77
gpt-4o-mini,dev_0114,6,6,84,84,0,168,84
gpt-4o-mini,dev_0107,8,8,138,138,0,276,138
gpt-4o-mini,dev_0099,9,9,196,196,0,392,196
gpt-4o-mini,dev_0103,9,9,125,125,0,250,125
gpt-4o-mini,dev_0122,5,5,69,69,0,138,69
gpt-4o-mini,dev_0112,7,7,101,101,0,202,101
gpt-4o-mini,dev_0113,7,7,91,91,0,182,91
gpt-4o-mini,dev_0117,7,7,94,94,0,188,94
gpt-4o-mini,dev_0105,9,9,167,167,0,334,167
gpt-4o-mini,dev_0116,7,7,100,100,0,200,100
gpt-4o-mini,dev_0108,9,9,137,137,0,274,137
gpt-4o-mini,dev_0127,5,5,86,86,0,172,86
gpt-4o-mini,dev_0102,10,10,118,118,0,236,118
gpt-4o-mini,dev_0124,6,6,98,98,0,196,98
gpt-4o-mini,dev_0110,9,9,124,124,0,248,124
gpt-4o-mini,dev_0111,10,10,166,166,0,332,166
gpt-4o-mini,dev_0135,6,6,61,61,0,122,61
gpt-4o-mini,dev_0119,9,9,157,157,0,314,157
gpt-4o-mini,dev_0118,10,10,171,171,0,342,171
gpt-4o-mini,dev_0130,6,7,105,105,21,231,84
gpt-4o-mini,dev_0109,10,12,224,224,48,496,176
gpt-4o-mini,dev_0131,8,8,123,123,0,246,123
gpt-4o-mini,dev_0128,8,8,126,126,0,252,126
gpt-4o-mini,dev_0133,7,7,122,122,0,244,122
gpt-4o-mini,dev_0138,6,6,85,85,0,170,85
gpt-4o-mini,dev_0146,5,5,98,98,0,196,98
gpt-4o-mini,dev_0134,8,8,92,92,0,184,92
gpt-4o-mini,dev_0139,7,7,126,126,0,252,126
gpt-4o-mini,dev_0126,10,10,145,145,0,290,145
gpt-4o-mini,dev_0132,10,10,152,152,0,304,152
gpt-4o-mini,dev_0144,8,8,133,133,0,266,133
gpt-4o-mini,dev_0137,9,9,179,179,0,358,179
gpt-4o-mini,dev_0148,7,7,179,179,0,358,179
gpt-4o-mini,dev_0136,10,10,166,166,0,332,166
gpt-4o-mini,dev_0154,7,7,86,86,0,172,86
gpt-4o-mini,dev_0164,5,5,80,80,0,160,80
gpt-4o-mini,dev_0143,9,9,149,149,0,298,149
gpt-4o-mini,dev_0142,10,10,192,192,0,384,192
gpt-4o-mini,dev_0160,6,6,96,96,0,192,96
gpt-4o-mini,dev_0140,9,9,183,183,0,366,183
gpt-4o-mini,dev_0158,7,7,99,99,0,198,99
gpt-4o-mini,dev_0168,5,5,83,83,0,166,83
gpt-4o-mini,dev_0161,6,6,118,118,0,236,118
gpt-4o-mini,dev_0152,10,10,158,158,0,316,158
gpt-4o-mini,dev_0145,10,10,153,153,0,306,153
gpt-4o-mini,dev_0149,10,10,146,146,0,292,146
gpt-4o-mini,dev_0147,10,10,163,163,0,326,163
gpt-4o-mini,dev_0150,10,10,192,192,0,384,192
gpt-4o-mini,dev_0165,7,7,114,114,0,228,114
gpt-4o-mini,dev_0173,5,5,99,99,0,198,99
gpt-4o-mini,dev_0169,6,6,171,171,0,342,171
gpt-4o-mini,dev_0155,10,10,154,154,0,308,154
gpt-4o-mini,dev_0171,6,6,118,118,0,236,118
gpt-4o-mini,dev_0170,7,7,115,115,0,230,115
gpt-4o-mini,dev_0172,6,6,117,117,0,234,117
gpt-4o-mini,dev_0156,9,9,143,143,0,286,143
gpt-4o-mini,dev_0166,8,8,100,100,0,200,100
gpt-4o-mini,dev_0163,8,8,134,134,0,268,134
gpt-4o-mini,dev_0162,10,10,210,210,0,420,210
gpt-4o-mini,dev_0180,5,5,93,93,0,186,93
gpt-4o-mini,dev_0153,7,7,81,81,0,162,81
gpt-4o-mini,dev_0174,7,7,109,109,0,218,109
gpt-4o-mini,dev_0182,6,6,77,77,0,154,77
gpt-4o-mini,dev_0176,8,8,129,129,0,258,129
gpt-4o-mini,dev_0189,5,5,92,92,0,184,92
gpt-4o-mini,dev_0175,8,8,116,116,0,232,116
gpt-4o-mini,dev_0186,6,6,114,114,0,228,114
gpt-4o-mini,dev_0181,7,7,99,99,0,198,99
gpt-4o-mini,dev_0177,8,8,146,146,0,292,146
gpt-4o-mini,dev_0198,5,5,69,69,0,138,69
gpt-4o-mini,dev_0187,7,7,120,120,0,240,120
gpt-4o-mini,dev_0197,5,5,93,93,0,186,93
gpt-4o-mini,dev_0183,8,8,113,113,0,226,113
gpt-4o-mini,dev_0178,9,10,109,109,13,231,96
gpt-4o-mini,dev_0203,6,6,78,78,0,156,78
gpt-4o-mini,dev_0193,8,8,116,116,0,232,116
gpt-4o-mini,dev_0192,8,8,155,155,0,310,155
gpt-4o-mini,dev_0194,7,7,105,105,0,210,105
gpt-4o-mini,dev_0184,9,9,144,144,0,288,144
gpt-4o-mini,dev_0202,7,7,122,122,0,244,122
gpt-4o-mini,dev_0196,7,7,122,122,0,244,122
gpt-4o-mini,dev_0199,8,8,98,98,0,196,98
gpt-4o-mini,dev_0204,8,8,102,102,0,204,102
gpt-4o-mini,dev_0190,9,9,151,151,0,302,151
gpt-4o-mini,dev_0200,8,8,150,150,0,300,150
gpt-4o-mini,dev_0179,10,12,216,216,46,478,170
gpt-4o-mini,dev_0195,9,9,158,158,0,316,158
gpt-4o-mini,dev_0206,6,7,100,100,14,214,86
gpt-4o-mini,dev_0215,6,6,57,57,0,114,57
gpt-4o-mini,dev_0207,8,8,122,122,0,244,122
gpt-4o-mini,dev_0201,10,10,149,149,0,298,149
gpt-4o-mini,dev_0213,7,7,126,126,0,252,126
gpt-4o-mini,dev_0216,7,7,81,81,0,162,81
gpt-4o-mini,dev_0222,5,5,100,100,0,200,100
gpt-4o-mini,dev_0214,7,7,103,103,0,206,103
gpt-4o-mini,dev_0205,10,10,160,160,0,320,160
gpt-4o-mini,dev_0210,9,9,123,123,0,246,123
gpt-4o-mini,dev_0224,5,6,89,89,21,199,68
gpt-4o-mini,dev_0211,8,8,148,148,0,296,148
gpt-4o-mini,dev_0227,6,6,100,100,0,200,100
gpt-4o-mini,dev_0226,8,8,88,88,0,176,88
gpt-4o-mini,dev_0231,6,6,92,92,0,184,92
gpt-4o-mini,dev_0220,8,8,155,155,0,310,155
gpt-4o-mini,dev_0228,5,8,103,103,46,252,57
gpt-4o-mini,dev_0223,8,8,118,118,0,236,118
gpt-4o-mini,dev_0218,8,8,156,156,0,312,156
gpt-4o-mini,dev_0234,6,6,85,85,0,170,85
gpt-4o-mini,dev_0233,6,6,123,123,0,246,123
gpt-4o-mini,dev_0219,10,10,129,129,0,258,129
gpt-4o-mini,dev_0212,10,11,170,170,28,368,142
gpt-4o-mini,dev_0239,7,7,131,131,0,262,131
gpt-4o-mini,dev_0236,8,8,168,168,0,336,168
gpt-4o-mini,dev_0238,7,7,114,114,0,228,114
gpt-4o-mini,dev_0221,10,11,161,161,12,334,149
gpt-4o-mini,dev_0230,10,10,180,180,0,360,180
gpt-4o-mini,dev_0217,10,10,167,167,0,334,167
gpt-4o-mini,dev_0255,5,5,80,80,0,160,80
gpt-4o-mini,dev_0243,7,7,133,133,0,266,133
gpt-4o-mini,dev_0240,9,9,117,117,0,234,117
gpt-4o-mini,dev_0251,7,7,124,124,0,248,124
gpt-4o-mini,dev_0246,9,9,148,148,0,296,148
gpt-4o-mini,dev_0261,6,6,95,95,0,190,95
gpt-4o-mini,dev_0241,10,10,185,185,0,370,185
gpt-4o-mini,dev_0249,9,9,167,167,0,334,167
gpt-4o-mini,dev_0242,10,10,173,173,0,346,173
gpt-4o-mini,dev_0262,7,7,111,111,0,222,111
gpt-4o-mini,dev_0273,5,5,89,89,0,178,89
gpt-4o-mini,dev_0272,6,6,107,107,0,214,107
gpt-4o-mini,dev_0247,9,9,206,206,0,412,206
gpt-4o-mini,dev_0254,7,7,163,163,0,326,163
gpt-4o-mini,dev_0268,7,7,102,102,0,204,102
gpt-4o-mini,dev_0250,9,9,225,225,0,450,225
gpt-4o-mini,dev_0260,8,8,111,111,0,222,111
gpt-4o-mini,dev_0270,6,6,124,124,0,248,124
gpt-4o-mini,dev_0252,9,10,164,164,26,354,138
gpt-4o-mini,dev_0258,9,9,110,110,0,220,110
gpt-4o-mini,dev_0266,9,9,135,135,0,270,135
gpt-4o-mini,dev_0267,8,9,124,124,17,265,107
gpt-4o-mini,dev_0274,7,7,113,113,0,226,113
gpt-4o-mini,dev_0256,9,9,171,171,0,342,171
gpt-4o-mini,dev_0284,5,5,78,78,0,156,78
gpt-4o-mini,dev_0279,7,7,92,92,0,184,92
gpt-4o-mini,dev_0283,5,5,89,89,0,178,89
gpt-4o-mini,dev_0282,5,6,92,92,18,202,74
gpt-4o-mini,dev_0276,8,8,117,117,0,234,117
gpt-4o-mini,dev_0244,10,14,210,210,62,482,148
gpt-4o-mini,dev_0291,5,5,95,95,0,190,95
gpt-4o-mini,dev_0290,5,5,81,81,0,162,81
gpt-4o-mini,dev_0278,8,8,139,139,0,278,139
gpt-4o-mini,dev_0277,9,9,144,144,0,288,144
gpt-4o-mini,dev_0294,6,6,88,88,0,176,88
gpt-4o-mini,dev_0280,8,9,144,144,15,303,129
gpt-4o-mini,dev_0293,6,6,97,97,0,194,97
gpt-4o-mini,dev_0305,5,5,75,75,0,150,75
gpt-4o-mini,dev_0302,6,6,84,84,0,168,84
gpt-4o-mini,dev_0271,10,12,243,243,31,517,212
gpt-4o-mini,dev_0298,5,5,104,104,0,208,104
gpt-4o-mini,dev_0296,7,7,89,89,0,178,89
gpt-4o-mini,dev_0281,10,10,227,227,0,454,227
gpt-4o-mini,dev_0308,5,5,90,90,0,180,90
gpt-4o-mini,dev_0295,8,8,115,115,0,230,115
gpt-4o-mini,dev_0307,6,6,117,117,0,234,117
gpt-4o-mini,dev_0286,9,9,157,157,0,314,157
gpt-4o-mini,dev_0292,9,9,206,206,0,412,206
gpt-4o-mini,dev_0285,10,10,127,127,0,254,127
gpt-4o-mini,dev_0297,8,8,144,144,0,288,144
gpt-4o-mini,dev_0317,5,5,148,148,0,296,148
gpt-4o-mini,dev_0310,6,6,75,75,0,150,75
gpt-4o-mini,dev_0306,7,7,98,98,0,196,98
gpt-4o-mini,dev_0300,9,9,171,171,0,342,171
gpt-4o-mini,dev_0304,8,8,135,135,0,270,135
gpt-4o-mini,dev_0315,7,7,108,108,0,216,108
gpt-4o-mini,dev_0319,6,6,78,78,0,156,78
gpt-4o-mini,dev_0321,6,6,87,87,0,174,87
gpt-4o-mini,dev_0309,9,9,152,152,0,304,152
gpt-4o-mini,dev_0313,9,9,134,134,0,268,134
gpt-4o-mini,dev_0325,7,7,84,84,0,168,84
gpt-4o-mini,dev_0303,10,10,203,203,0,406,203
gpt-4o-mini,dev_0330,7,7,83,83,0,166,83
gpt-4o-mini,dev_0329,7,7,141,141,0,282,141
gpt-4o-mini,dev_0314,10,10,195,195,0,390,195
gpt-4o-mini,dev_0320,8,8,183,183,0,366,183
gpt-4o-mini,dev_0327,8,8,139,139,0,278,139
gpt-4o-mini,dev_0318,10,11,191,191,19,401,172
gpt-4o-mini,dev_0323,10,10,148,148,0,296,148
gpt-4o-mini,dev_0322,10,10,143,143,0,286,143
gpt-4o-mini,dev_0332,8,8,144,144,0,288,144
gpt-4o-mini,dev_0326,10,10,138,138,0,276,138
gpt-4o-mini,dev_0331,8,8,183,183,0,366,183
