example_index,example_id,session_index,dialogue_id,dialogue_turns,api_call_count,session_input_tokens,before_memory_count,after_memory_count,before_memory_tokens,after_memory_tokens,delta_memory_count,delta_memory_tokens,add_event_ids,add_event_statuses,status,error
0,dev_0003,0,15_00034,22,2,429,0,2,0,65,2,65,"[""a76761e1-12e9-4c9c-99ce-fae66eae05f6""]","[""SUCCEEDED""]",OK,
0,dev_0003,1,2_00055,16,1,410,2,3,65,121,1,56,"[""07cfb238-1c6c-45f0-9b42-41b0f570d390""]","[""SUCCEEDED""]",OK,
0,dev_0003,2,15_00056,22,2,293,3,4,121,146,1,25,"[""23ae2f79-30ee-4af7-a6c0-7f5fed7e9936""]","[""SUCCEEDED""]",OK,
0,dev_0003,3,15_00070,18,2,343,4,6,146,212,2,66,"[""fe211a6b-c8e4-456b-9619-fc8ac8013fa5""]","[""SUCCEEDED""]",OK,
0,dev_0003,4,11_00121,32,2,459,6,11,212,305,5,93,"[""f2d64746-0fb3-4e56-ba98-929305ded3ce""]","[""SUCCEEDED""]",OK,
0,dev_0003,5,15_00100,20,2,280,11,14,305,390,3,85,"[""1ca8874e-3737-4a2a-a7fc-6497e1a5e288""]","[""SUCCEEDED""]",OK,
1,dev_0004,0,15_00038,22,2,383,0,2,0,55,2,55,"[""cb0ef79f-a3de-4b89-8156-bf3bf1983c91""]","[""SUCCEEDED""]",OK,
1,dev_0004,1,15_00071,24,2,387,2,4,55,116,2,61,"[""f5320b2c-062d-4eb4-8cdf-73e66d5a848d""]","[""SUCCEEDED""]",OK,
2,dev_0008,0,8_00097,24,2,376,0,9,0,113,9,113,"[""6b608082-70f8-4c30-94dc-c6d90bb3accc""]","[""SUCCEEDED""]",OK,
2,dev_0008,1,9_00037,24,2,348,9,14,113,195,5,82,"[""43ad38f6-a381-4e63-8480-135fa47140e0""]","[""SUCCEEDED""]",OK,
2,dev_0008,2,9_00042,28,2,429,14,22,195,336,8,141,"[""617a5ee6-12d2-4f23-91f7-285912122b81""]","[""SUCCEEDED""]",OK,
2,dev_0008,3,9_00033,24,2,320,22,27,336,423,5,87,"[""b9f29780-01d9-49f6-a373-70c2fe1b8666""]","[""SUCCEEDED""]",OK,
2,dev_0008,4,8_00058,26,2,396,27,33,423,528,6,105,"[""a8707406-cd9e-4b02-8995-f61936827b71""]","[""SUCCEEDED""]",OK,
3,dev_0009,0,9_00040,24,2,295,0,4,0,60,4,60,"[""e3ecdd15-436c-4770-9704-e8c809bcd841""]","[""SUCCEEDED""]",OK,
3,dev_0009,1,13_00014,14,2,245,4,6,60,111,2,51,"[""58324bcb-9925-492e-a7de-23f16bdcbbc7""]","[""SUCCEEDED""]",OK,
3,dev_0009,2,17_00074,40,4,663,6,12,111,359,6,248,"[""288cce2b-70c1-4ce5-b4d2-4df307291f02""]","[""SUCCEEDED""]",OK,
3,dev_0009,3,9_00041,22,2,278,12,15,359,401,3,42,"[""df103e89-71d1-48a1-8767-900f99a23370""]","[""SUCCEEDED""]",OK,
3,dev_0009,4,17_00092,30,4,510,15,18,401,514,3,113,"[""6eead82f-d8dc-423a-bc3e-b187e286e97a""]","[""SUCCEEDED""]",OK,
3,dev_0009,5,9_00029,16,2,372,18,23,514,592,5,78,"[""4c037efb-3fed-4f3d-8cc6-e365196c73c4""]","[""SUCCEEDED""]",OK,
4,dev_0014,0,17_00063,36,4,547,0,4,0,117,4,117,"[""dd0c0229-764a-4bd0-82c7-ca700b20a626""]","[""SUCCEEDED""]",OK,
4,dev_0014,1,14_00088,20,2,458,4,8,117,226,4,109,"[""1f130c98-4862-453f-b601-353b2c880e99""]","[""SUCCEEDED""]",OK,
4,dev_0014,2,19_00119,22,2,349,8,9,226,266,1,40,"[""3dc5e927-111f-4b39-ac5f-fb37ad33f2eb""]","[""SUCCEEDED""]",OK,
4,dev_0014,3,14_00097,24,2,327,9,10,266,313,1,47,"[""99135c35-0c3b-49d2-ad54-b6148d01a5a3""]","[""SUCCEEDED""]",OK,
4,dev_0014,4,19_00111,16,2,161,10,11,313,344,1,31,"[""f21f142f-de43-41af-bc36-44366900958c""]","[""SUCCEEDED""]",OK,
4,dev_0014,5,14_00076,26,2,512,11,18,344,507,7,163,"[""7a0daf34-f59b-4239-bd12-b9902e45f025""]","[""SUCCEEDED""]",OK,
5,dev_0015,0,14_00048,32,2,410,0,5,0,101,5,101,"[""4d3d4578-9d3c-4381-83d1-2b437779f5c1""]","[""SUCCEEDED""]",OK,
5,dev_0015,1,14_00089,24,2,455,5,10,101,210,5,109,"[""d4cf8098-8fc6-4544-9d59-5d1bce337d4b""]","[""SUCCEEDED""]",OK,
5,dev_0015,2,19_00035,18,2,376,10,14,210,307,4,97,"[""ce9688ad-5b1f-4105-8610-cb940962d123""]","[""SUCCEEDED""]",OK,
5,dev_0015,3,20_00015,18,2,372,14,16,307,390,2,83,"[""0e5346b9-80c4-42a3-9a11-d9acf461755b""]","[""SUCCEEDED""]",OK,
5,dev_0015,4,14_00064,26,2,421,16,19,390,460,3,70,"[""d5bfa0a3-1d8e-46bc-8248-ae29a3957550""]","[""SUCCEEDED""]",OK,
5,dev_0015,5,19_00032,22,2,339,19,19,460,499,0,39,"[""dd308a6a-274f-4a7f-a6bf-0e37476cea41""]","[""SUCCEEDED""]",OK,
5,dev_0015,6,20_00010,20,2,289,19,20,499,550,1,51,"[""c5a6f63d-59e2-45c8-b00c-1261778f8d18""]","[""SUCCEEDED""]",OK,
5,dev_0015,7,19_00107,26,2,455,20,21,550,601,1,51,"[""0cc2f65d-f56f-446f-836a-a691d3379520""]","[""SUCCEEDED""]",OK,
5,dev_0015,8,17_00066,34,4,591,21,25,601,742,4,141,"[""f2868b43-f4f9-45ea-a0fc-ac7162330a35""]","[""SUCCEEDED""]",OK,
5,dev_0015,9,19_00029,30,2,450,25,27,742,795,2,53,"[""91f1df58-e34c-494d-a0ac-afd8d62228f0""]","[""SUCCEEDED""]",OK,
6,dev_0020,0,6_00117,12,1,163,0,2,0,22,2,22,"[""c2c0ac15-ce92-457f-935e-1a9c5fb3d85c""]","[""SUCCEEDED""]",OK,
6,dev_0020,1,1_00084,12,1,253,2,3,22,72,1,50,"[""34fbc9f8-43af-4f2f-846c-0238313f497a""]","[""SUCCEEDED""]",OK,
6,dev_0020,2,18_00108,24,2,352,3,9,72,198,6,126,"[""8a7608bb-ea31-4c6c-a2b0-9e91b8245465""]","[""SUCCEEDED""]",OK,
6,dev_0020,3,12_00034,26,2,377,9,14,198,306,5,108,"[""0ea08edc-ca84-4873-ae64-cd98565ae9bd""]","[""SUCCEEDED""]",OK,
6,dev_0020,4,3_00121,8,1,148,14,15,306,345,1,39,"[""685d2ac0-f0fb-4e6c-84ff-587aa6925f4e""]","[""SUCCEEDED""]",OK,
6,dev_0020,5,13_00123,38,1,620,15,21,345,473,6,128,"[""c0676081-bc7b-4bb3-ab60-f00fc674385b""]","[""SUCCEEDED""]",OK,
6,dev_0020,6,9_00104,10,1,168,21,25,473,528,4,55,"[""2eeae479-e570-42fa-bcbd-46ec546a0f26""]","[""SUCCEEDED""]",OK,
6,dev_0020,7,11_00106,22,1,300,25,29,528,601,4,73,"[""306d2508-9b4a-4052-9ec7-86117ccbe80e""]","[""SUCCEEDED""]",OK,
6,dev_0020,8,9_00113,12,1,172,29,30,601,619,1,18,"[""dd94497b-9778-47f5-a019-b3335de7e8e3""]","[""SUCCEEDED""]",OK,
6,dev_0020,9,20_00012,20,2,307,30,33,619,684,3,65,"[""5d382bd5-ea37-413f-b8e9-38ed73a7f366""]","[""SUCCEEDED""]",OK,
7,dev_0021,0,14_00058,18,2,270,0,2,0,52,2,52,"[""fbebead7-81df-428a-9697-e30c89c86578""]","[""SUCCEEDED""]",OK,
7,dev_0021,1,5_00053,6,1,90,2,3,52,65,1,13,"[""2a27a808-3709-4f3e-a6a9-61d6c9ec720e""]","[""SUCCEEDED""]",OK,
7,dev_0021,2,16_00010,26,3,410,3,7,65,169,4,104,"[""fe43067e-2c35-4a8c-a811-0cd0d4eb96f0""]","[""SUCCEEDED""]",OK,
7,dev_0021,3,6_00078,26,1,427,7,9,169,245,2,76,"[""a6e82899-2980-4a2a-b6be-5d09de9a6b63""]","[""SUCCEEDED""]",OK,
7,dev_0021,4,6_00061,18,1,347,9,11,245,291,2,46,"[""22bd22bb-c5ab-49a4-9fbd-db278ab6cefd""]","[""SUCCEEDED""]",OK,
7,dev_0021,5,13_00060,18,3,287,11,13,291,385,2,94,"[""bb6b8312-7f31-4b85-a73f-c5c2fe737b21""]","[""SUCCEEDED""]",OK,
7,dev_0021,6,9_00061,14,2,255,13,14,385,408,1,23,"[""26669c9a-668a-4e37-ab24-0493357d9607""]","[""SUCCEEDED""]",OK,
7,dev_0021,7,15_00031,18,2,337,14,16,408,472,2,64,"[""dd38ccff-83cb-4f76-8e8c-8c183764a9d7""]","[""SUCCEEDED""]",OK,
7,dev_0021,8,20_00091,22,2,310,16,17,472,520,1,48,"[""9eda0c17-c380-413f-bab9-46d6206cda98""]","[""SUCCEEDED""]",OK,
8,dev_0022,0,16_00021,28,3,372,0,3,0,99,3,99,"[""5c84ee1f-f69f-496b-a1b7-8bad69d94e65""]","[""SUCCEEDED""]",OK,
8,dev_0022,1,10_00102,18,2,237,3,7,99,162,4,63,"[""e097576e-b891-48a0-a375-004bc4fa1949""]","[""SUCCEEDED""]",OK,
8,dev_0022,2,17_00107,44,2,755,7,17,162,366,10,204,"[""bab29cd1-413b-4019-98a9-8ecbd57b1bcd""]","[""SUCCEEDED""]",OK,
8,dev_0022,3,16_00064,16,2,171,17,19,366,405,2,39,"[""78f373ae-df53-4683-b8b0-0936398b1316""]","[""SUCCEEDED""]",OK,
8,dev_0022,4,18_00077,22,2,330,19,24,405,505,5,100,"[""6f96c062-7a3c-4481-8506-e03102d75d7f""]","[""SUCCEEDED""]",OK,
8,dev_0022,5,3_00044,16,0,242,24,28,505,567,4,62,"[""ffb5be2b-3e72-4ff2-ab45-487fccaee9c4""]","[""SUCCEEDED""]",OK,
8,dev_0022,6,2_00003,12,1,183,28,29,567,600,1,33,"[""b9b6de54-73df-4d0e-a24e-c7d83c6e64c4""]","[""SUCCEEDED""]",OK,
8,dev_0022,7,16_00057,18,2,349,29,31,600,648,2,48,"[""32281bd0-a28b-4067-b96b-5f8e0fbfee4e""]","[""SUCCEEDED""]",OK,
8,dev_0022,8,9_00091,8,1,146,31,33,648,661,2,13,"[""38345bb5-7138-4183-ba56-ef834a394c20""]","[""SUCCEEDED""]",OK,
9,dev_0025,0,12_00044,32,2,357,0,2,0,61,2,61,"[""e051f0b1-2cb7-44ea-9070-df67bb0ac28c""]","[""SUCCEEDED""]",OK,
9,dev_0025,1,17_00020,16,3,236,2,5,61,116,3,55,"[""4993270b-4879-446c-a595-2221952e6423""]","[""SUCCEEDED""]",OK,
9,dev_0025,2,9_00100,8,1,85,5,8,116,166,3,50,"[""d82b744a-254f-463a-ae18-e544a827b6fb""]","[""SUCCEEDED""]",OK,
9,dev_0025,3,18_00100,20,2,298,8,11,166,239,3,73,"[""cc8374b0-3acf-4e5c-931b-15b22dca79f8""]","[""SUCCEEDED""]",OK,
9,dev_0025,4,9_00086,14,2,200,11,14,239,288,3,49,"[""bd594392-5691-4a22-922c-728aee960d03""]","[""SUCCEEDED""]",OK,
9,dev_0025,5,1_00064,10,1,172,14,18,288,338,4,50,"[""f981cb1e-0832-49f4-8699-8d0799547117""]","[""SUCCEEDED""]",OK,
9,dev_0025,6,2_00011,12,1,142,18,19,338,355,1,17,"[""00cfc515-02b4-4760-a93e-dbd7d1724251""]","[""SUCCEEDED""]",OK,
9,dev_0025,7,4_00106,26,1,328,19,22,355,427,3,72,"[""26cb00eb-0210-4c43-9a15-890b6b696225""]","[""SUCCEEDED""]",OK,
10,dev_0027,0,19_00068,22,2,191,0,3,0,75,3,75,"[""77083855-1877-4099-899f-04c6ffe4f95b""]","[""SUCCEEDED""]",OK,
10,dev_0027,1,7_00052,16,1,221,3,5,75,114,2,39,"[""6955a23e-b7b6-4bd6-b2db-8440f32363ec""]","[""SUCCEEDED""]",OK,
10,dev_0027,2,1_00124,14,1,144,5,6,114,130,1,16,"[""8e6032d2-1080-40de-9723-ec2f738a2ae6""]","[""SUCCEEDED""]",OK,
10,dev_0027,3,7_00049,10,1,160,6,9,130,177,3,47,"[""a6262f59-bd08-45fc-bc21-7c64d8327ae4""]","[""SUCCEEDED""]",OK,
10,dev_0027,4,1_00014,12,1,161,9,10,177,207,1,30,"[""d46a9df4-73db-4384-a46d-6feb00196449""]","[""SUCCEEDED""]",OK,
10,dev_0027,5,2_00064,22,1,297,10,12,207,272,2,65,"[""8e26677d-8dc9-4431-be2c-b5e744ececdb""]","[""SUCCEEDED""]",OK,
10,dev_0027,6,3_00076,10,1,152,12,15,272,330,3,58,"[""cb3460c3-2ca9-4980-9998-b4b70dd7cde6""]","[""SUCCEEDED""]",OK,
11,dev_0028,0,2_00037,14,1,195,0,3,0,56,3,56,"[""a2ad33bf-e160-43b5-9535-660a3e9f07fd""]","[""SUCCEEDED""]",OK,
11,dev_0028,1,14_00098,20,2,275,3,6,56,100,3,44,"[""48badd74-213e-4180-8ded-c691efe1545d""]","[""SUCCEEDED""]",OK,
11,dev_0028,2,8_00059,16,2,236,6,8,100,152,2,52,"[""ca7581c0-0c7f-403b-92b6-d0ddf38d7684""]","[""SUCCEEDED""]",OK,
11,dev_0028,3,10_00123,26,2,239,8,10,152,222,2,70,"[""ae562d95-dc40-4a65-aa2c-5da271f19088""]","[""SUCCEEDED""]",OK,
11,dev_0028,4,14_00024,30,2,488,10,16,222,451,6,229,"[""996508f3-0bbb-4d03-a52b-f46ae168198b""]","[""SUCCEEDED""]",OK,
11,dev_0028,5,10_00110,18,2,222,16,19,451,512,3,61,"[""48c98e5a-6c91-4932-8d97-8ee932decb20""]","[""SUCCEEDED""]",OK,
11,dev_0028,6,1_00027,14,1,231,19,20,512,560,1,48,"[""1ee96338-3d6a-4056-b453-fd7fdc460c74""]","[""SUCCEEDED""]",OK,
11,dev_0028,7,16_00038,36,3,454,20,27,560,678,7,118,"[""a7a636c9-6b2e-4090-9a8f-7709e8b2f400""]","[""SUCCEEDED""]",OK,
11,dev_0028,8,1_00013,12,1,219,27,28,678,710,1,32,"[""c892ba01-a820-45b8-a600-b5d16332ee15""]","[""SUCCEEDED""]",OK,
12,dev_0029,0,12_00006,28,2,394,0,2,0,67,2,67,"[""2ed8fcee-95e7-4d95-a218-1c0cf90dd348""]","[""SUCCEEDED""]",OK,
12,dev_0029,1,2_00013,12,1,150,2,3,67,91,1,24,"[""728a2fa9-f5ef-40b3-be31-9e4828f78544""]","[""SUCCEEDED""]",OK,
12,dev_0029,2,9_00009,22,2,261,3,8,91,163,5,72,"[""5eacdf5e-d7f0-4d2c-9b2d-8cd17517cb79""]","[""SUCCEEDED""]",OK,
12,dev_0029,3,8_00084,20,2,303,8,10,163,242,2,79,"[""b2934d6f-c544-4991-9bd3-1b372e5526f8""]","[""SUCCEEDED""]",OK,
12,dev_0029,4,17_00065,34,4,612,10,14,242,427,4,185,"[""312f25df-5779-407a-97f6-0a644bb2b6b7""]","[""SUCCEEDED""]",OK,
12,dev_0029,5,14_00044,14,2,294,14,15,427,473,1,46,"[""424ad56a-d84a-4c32-b52c-9a9b074bda6d""]","[""SUCCEEDED""]",OK,
12,dev_0029,6,5_00023,6,1,111,15,17,473,503,2,30,"[""a2cb094a-de2c-4476-84da-48b8161a1db5""]","[""SUCCEEDED""]",OK,
12,dev_0029,7,12_00000,26,2,445,17,17,503,539,0,36,"[""5545e2c3-1f66-4135-a347-72925abb737f""]","[""SUCCEEDED""]",OK,
13,dev_0030,0,2_00104,16,1,180,0,1,0,29,1,29,"[""b534b950-0572-41c6-882d-d0e2d00c53e6""]","[""SUCCEEDED""]",OK,
13,dev_0030,1,1_00024,12,1,201,1,2,29,70,1,41,"[""da14110c-7e88-41be-b988-aee1a478f05c""]","[""SUCCEEDED""]",OK,
13,dev_0030,2,8_00016,26,2,426,2,3,70,119,1,49,"[""01548622-fe8b-42dc-bedd-d395ad12d9c7""]","[""SUCCEEDED""]",OK,
13,dev_0030,3,6_00122,22,1,318,3,8,119,218,5,99,"[""106ef4a6-c5ee-4689-a0fc-8586bda57417""]","[""SUCCEEDED""]",OK,
13,dev_0030,4,8_00125,20,2,311,8,11,218,266,3,48,"[""f079a6e4-7a9f-43b0-a752-3522faff6b2b""]","[""SUCCEEDED""]",OK,
13,dev_0030,5,14_00110,32,3,454,11,14,266,390,3,124,"[""e328ed78-0c49-4ed2-afd9-c4ff0538d857""]","[""SUCCEEDED""]",OK,
13,dev_0030,6,9_00078,14,1,222,14,17,390,457,3,67,"[""a367168f-33e8-4c0c-aeca-fd07f1d7777d""]","[""SUCCEEDED""]",OK,
13,dev_0030,7,14_00032,20,2,238,17,20,457,510,3,53,"[""48e72c4a-9a1d-4745-ab93-4166bc585198""]","[""SUCCEEDED""]",OK,
13,dev_0030,8,4_00060,18,1,344,20,22,510,590,2,80,"[""014fcd0e-5569-498f-b6c2-1e0a233da5e5""]","[""SUCCEEDED""]",OK,
13,dev_0030,9,4_00046,12,1,182,22,23,590,654,1,64,"[""ebec5455-5318-4993-b70d-6c9bd883d3de""]","[""SUCCEEDED""]",OK,
14,dev_0031,0,9_00067,20,2,428,0,3,0,73,3,73,"[""50d85856-686c-4432-959b-fd05fc4fbd36""]","[""SUCCEEDED""]",OK,
14,dev_0031,1,6_00091,18,1,202,3,4,73,99,1,26,"[""da2ecf84-fa1a-4882-bc00-9e47ee05de97""]","[""SUCCEEDED""]",OK,
14,dev_0031,2,17_00040,24,3,344,4,8,99,192,4,93,"[""4e80b2a0-70f8-48ac-a60f-fd4a496ce20a""]","[""SUCCEEDED""]",OK,
14,dev_0031,3,6_00079,16,1,323,8,8,192,211,0,19,"[""b399bd49-f819-4267-b380-3d40dec6502b""]","[""SUCCEEDED""]",OK,
14,dev_0031,4,5_00024,14,1,249,8,10,211,242,2,31,"[""89a76b3f-aa4c-45b5-8281-8cace78c228b""]","[""SUCCEEDED""]",OK,
14,dev_0031,5,2_00016,10,1,188,10,11,242,260,1,18,"[""b07f8044-15e1-4f60-8336-5b9a3c4d9c06""]","[""SUCCEEDED""]",OK,
14,dev_0031,6,1_00015,14,1,275,11,13,260,319,2,59,"[""fb261dbf-0ec2-444a-94cb-543fbb7ad056""]","[""SUCCEEDED""]",OK,
14,dev_0031,7,5_00089,10,0,83,13,17,319,354,4,35,"[""7d72b5a3-02eb-4eaa-ad69-02fb1706f9fc""]","[""SUCCEEDED""]",OK,
14,dev_0031,8,14_00121,14,3,280,17,20,354,446,3,92,"[""cbbc6503-1f16-42d0-8daa-0e366a3c0bb1""]","[""SUCCEEDED""]",OK,
14,dev_0031,9,5_00017,14,1,180,20,24,446,515,4,69,"[""df61de0c-b6b2-4732-8679-033813b561e7""]","[""SUCCEEDED""]",OK,
15,dev_0032,0,10_00124,14,2,145,0,4,0,62,4,62,"[""d50cd7f3-b647-4361-9bd0-38aa98a43721""]","[""SUCCEEDED""]",OK,
15,dev_0032,1,15_00097,18,2,334,4,6,62,109,2,47,"[""c7c3611e-7184-4a7a-b84a-ef5aec11c806""]","[""SUCCEEDED""]",OK,
15,dev_0032,2,18_00087,18,2,303,6,9,109,191,3,82,"[""86dcb1d5-51f9-4279-98dd-1fe5917e4e4a""]","[""SUCCEEDED""]",OK,
15,dev_0032,3,2_00088,16,1,189,9,10,191,220,1,29,"[""55c5da2e-f6e7-4135-b8d5-ce4560476e8b""]","[""SUCCEEDED""]",OK,
15,dev_0032,4,11_00112,32,2,548,10,11,220,261,1,41,"[""7121002f-eb2d-44bf-a852-d8b1a8bad057""]","[""SUCCEEDED""]",OK,
15,dev_0032,5,12_00011,24,2,439,11,13,261,334,2,73,"[""3d05d84a-6e27-4b9d-a5f4-fadccf8fa1b7""]","[""SUCCEEDED""]",OK,
15,dev_0032,6,19_00100,22,2,336,13,15,334,403,2,69,"[""3b39a8a0-5f8e-44fa-ad2a-4632387f84a5""]","[""SUCCEEDED""]",OK,
16,dev_0035,0,2_00123,18,0,199,0,2,0,32,2,32,"[""01a9ea74-b9c5-4f70-9f67-e91f707ace49""]","[""SUCCEEDED""]",OK,
16,dev_0035,1,16_00069,22,2,333,2,4,32,111,2,79,"[""31845200-c87a-46bc-85b8-04bb6ab236dc""]","[""SUCCEEDED""]",OK,
16,dev_0035,2,12_00126,8,2,118,4,6,111,149,2,38,"[""a3dcb68e-e9c2-471d-b7a6-411a97d73dc4""]","[""SUCCEEDED""]",OK,
16,dev_0035,3,20_00001,18,2,241,6,7,149,193,1,44,"[""c4a238e4-c291-4d2a-9f1c-4604967e2b98""]","[""SUCCEEDED""]",OK,
16,dev_0035,4,15_00025,22,2,464,7,9,193,252,2,59,"[""664583f1-51c3-4517-a8af-2d0a87a822df""]","[""SUCCEEDED""]",OK,
16,dev_0035,5,16_00086,20,2,253,9,10,252,279,1,27,"[""7b5b239d-1613-41c3-991a-abe8d07804e1""]","[""SUCCEEDED""]",OK,
17,dev_0036,0,3_00116,10,1,195,0,1,0,34,1,34,"[""7e831836-96a6-4a9f-bb1c-bfd1273e2934""]","[""SUCCEEDED""]",OK,
17,dev_0036,1,20_00062,24,3,211,1,3,34,111,2,77,"[""4f79a5f3-5179-48b0-adf5-b4848fbd8b49""]","[""SUCCEEDED""]",OK,
17,dev_0036,2,6_00004,12,1,165,3,4,111,141,1,30,"[""7960dde9-1893-481a-aa80-61fe8cc1c9c5""]","[""SUCCEEDED""]",OK,
17,dev_0036,3,2_00033,10,1,149,4,5,141,183,1,42,"[""cb08341a-face-4bd7-b7cd-30954eef8192""]","[""SUCCEEDED""]",OK,
17,dev_0036,4,15_00054,24,2,425,5,7,183,266,2,83,"[""7a6eb909-c252-462e-8668-c60e72c136dc""]","[""SUCCEEDED""]",OK,
18,dev_0037,0,14_00055,20,2,194,0,2,0,54,2,54,"[""251b27fb-609d-4b24-8b23-26d87ac93194""]","[""SUCCEEDED""]",OK,
18,dev_0037,1,7_00004,12,1,178,2,5,54,97,3,43,"[""694e5bc0-32d0-40cc-9c9e-647051d8962b""]","[""SUCCEEDED""]",OK,
0,dev_0071,0,1_00025,14,1,282,0,1,0,48,1,48,"[""b83d3d6b-3c79-4c30-ab84-3655c11b0daf""]","[""SUCCEEDED""]",OK,
0,dev_0071,1,16_00103,20,2,200,1,3,48,90,2,42,"[""7f5b108d-81ad-407a-94ad-7139ac0582c6""]","[""SUCCEEDED""]",OK,
0,dev_0071,2,16_00091,18,2,355,3,5,90,148,2,58,"[""7baea51b-bd88-4dcb-b4e5-6a59507b2c3d""]","[""SUCCEEDED""]",OK,
0,dev_0071,3,12_00001,30,2,549,5,8,148,251,3,103,"[""faa67faa-f0cd-4bd0-a73e-9b3c8336f08e""]","[""SUCCEEDED""]",OK,
0,dev_0071,4,9_00014,24,2,292,8,12,251,325,4,74,"[""439781d2-585f-4098-aa27-39567dac8f39""]","[""SUCCEEDED""]",OK,
0,dev_0071,5,9_00025,30,2,339,12,14,325,360,2,35,"[""e0aff769-05d4-42c6-baa6-7a8f77bfe8ee""]","[""SUCCEEDED""]",OK,
0,dev_0071,6,2_00000,10,1,107,14,15,360,374,1,14,"[""78915ef8-c32f-4822-a14a-5afbce5231f7""]","[""SUCCEEDED""]",OK,
0,dev_0071,7,18_00052,32,3,407,15,23,374,495,8,121,"[""df29e69f-c391-4c8b-a607-f7ee4c7c9cc4""]","[""SUCCEEDED""]",OK,
0,dev_0071,8,5_00084,10,1,128,23,24,495,511,1,16,"[""5b3b39f9-d05a-490f-94c2-a6d8b5185f68""]","[""SUCCEEDED""]",OK,
0,dev_0071,9,11_00015,18,2,234,24,28,511,574,4,63,"[""0e7bc5c3-77bd-41aa-89d8-067b5c03721f""]","[""SUCCEEDED""]",OK,
1,dev_0072,0,19_00125,16,2,251,0,3,0,72,3,72,"[""1c7278f7-a779-44a7-8fb4-3b3e1f775020""]","[""SUCCEEDED""]",OK,
1,dev_0072,1,12_00039,24,2,402,3,5,72,135,2,63,"[""ad225532-cda8-47da-be1c-3431fe1c4a67""]","[""SUCCEEDED""]",OK,
1,dev_0072,2,18_00007,40,2,674,5,8,135,256,3,121,"[""ba8225fc-8f5f-42a3-aa1d-13e4e8dbd4ad""]","[""SUCCEEDED""]",OK,
1,dev_0072,3,19_00083,34,2,412,8,11,256,339,3,83,"[""5b1f2dc6-8b64-4faf-89c5-f439d36332fc""]","[""SUCCEEDED""]",OK,
1,dev_0072,4,18_00006,46,2,567,11,17,339,453,6,114,"[""5cf523f2-84ae-4942-a487-d0738ef5bbd4""]","[""SUCCEEDED""]",OK,
1,dev_0072,5,4_00099,14,1,282,17,18,453,483,1,30,"[""72e7377b-b38b-4e5d-abfc-8bdfd54ebbe9""]","[""SUCCEEDED""]",OK,
2,dev_0073,0,3_00022,10,0,105,0,1,0,13,1,13,"[""1d674a17-debf-49e7-8b64-c486dfc7aa2d""]","[""SUCCEEDED""]",OK,
2,dev_0073,1,6_00042,20,1,299,1,4,13,65,3,52,"[""b7192b74-1674-43aa-83d2-a9444773df8c""]","[""SUCCEEDED""]",OK,
2,dev_0073,2,8_00041,30,2,622,4,6,65,141,2,76,"[""fdca34c6-a318-46ce-888e-4bf3283ea42f""]","[""SUCCEEDED""]",OK,
2,dev_0073,3,4_00050,20,1,360,6,7,141,207,1,66,"[""862282bd-bc4d-4dce-94e1-df0301dc8cd4""]","[""SUCCEEDED""]",OK,
2,dev_0073,4,3_00088,6,1,76,7,7,207,207,0,0,"[""4cd9513a-c0d1-4079-aa1c-4458e4d4ee06""]","[""SUCCEEDED""]",OK,
2,dev_0073,5,2_00019,10,1,140,7,8,207,230,1,23,"[""24638ca3-59a9-46c5-9e8e-5b9ea76ee42d""]","[""SUCCEEDED""]",OK,
2,dev_0073,6,15_00110,20,2,307,8,10,230,308,2,78,"[""54d2344c-bf37-4fb6-aeed-e86372d57198""]","[""SUCCEEDED""]",OK,
2,dev_0073,7,15_00017,26,3,520,10,14,308,435,4,127,"[""3bf5454b-b2a4-405a-856f-fcc143f69198""]","[""SUCCEEDED""]",OK,
2,dev_0073,8,2_00089,22,1,308,14,18,435,515,4,80,"[""a289889b-37ac-4be0-8e34-6a708484c558""]","[""SUCCEEDED""]",OK,
3,dev_0074,0,10_00005,18,2,180,0,4,0,33,4,33,"[""856a82c6-c1c5-4117-be03-0865e29f831c""]","[""SUCCEEDED""]",OK,
3,dev_0074,1,18_00079,18,2,169,4,8,33,107,4,74,"[""783e38e2-66f2-4806-8d8e-92c431e291b0""]","[""SUCCEEDED""]",OK,
3,dev_0074,2,11_00006,18,2,172,8,10,107,139,2,32,"[""c77e65bc-24fa-4b93-a34a-72b54005a0f0""]","[""SUCCEEDED""]",OK,
3,dev_0074,3,8_00116,22,2,309,10,14,139,241,4,102,"[""e1cdb938-f2b1-4c04-b686-d1f16c3d1453""]","[""SUCCEEDED""]",OK,
3,dev_0074,4,8_00045,28,2,718,14,16,241,330,2,89,"[""1b5e573f-fedf-4941-b291-8d07307654ae""]","[""SUCCEEDED""]",OK,
3,dev_0074,5,7_00048,14,1,192,16,18,330,382,2,52,"[""d6cf31e8-4476-4461-a7b8-1f4461bc374f""]","[""SUCCEEDED""]",OK,
4,dev_0075,0,18_00000,36,2,594,0,3,0,124,3,124,"[""247d2fc1-cdca-4e86-8e29-f6e0ea0875bd""]","[""SUCCEEDED""]",OK,
4,dev_0075,1,13_00055,28,3,424,3,8,124,201,5,77,"[""99c5f9ec-31f8-4ed6-9974-e3fbce09c558""]","[""SUCCEEDED""]",OK,
4,dev_0075,2,1_00020,24,1,353,8,11,201,275,3,74,"[""49a948d0-481b-4f9f-8ba4-9e8ace22cf60""]","[""SUCCEEDED""]",OK,
4,dev_0075,3,15_00119,18,2,278,11,12,275,315,1,40,"[""64315627-302c-45f3-826a-16bf28d36294""]","[""SUCCEEDED""]",OK,
4,dev_0075,4,2_00092,20,1,309,12,14,315,414,2,99,"[""95a6169c-fc6b-4f0a-acac-4e959079556b""]","[""SUCCEEDED""]",OK,
4,dev_0075,5,13_00108,20,1,344,14,16,414,490,2,76,"[""b911b96a-e519-4725-b895-dbf7a7682214""]","[""SUCCEEDED""]",OK,
4,dev_0075,6,18_00015,32,2,508,16,18,490,577,2,87,"[""26faa55c-b582-498f-9515-83a167f2199b""]","[""SUCCEEDED""]",OK,
4,dev_0075,7,16_00115,14,2,117,18,20,577,597,2,20,"[""6bccbd46-3ce3-4dd8-9e87-1f1ce9157613""]","[""SUCCEEDED""]",OK,
5,dev_0076,0,3_00105,8,1,103,0,3,0,32,3,32,"[""a9373df1-e2d6-4097-a2d3-d70b288725ca""]","[""SUCCEEDED""]",OK,
5,dev_0076,1,6_00094,14,1,143,3,4,32,71,1,39,"[""870741d8-2ebb-4aa6-b7d4-ed4a6dd4e0fd""]","[""SUCCEEDED""]",OK,
5,dev_0076,2,2_00035,12,1,231,4,4,71,89,0,18,"[""ab51d3f0-d78e-436f-8814-a9e8e6c2f82b""]","[""SUCCEEDED""]",OK,
5,dev_0076,3,20_00097,16,2,200,4,6,89,128,2,39,"[""299a86e4-6b6f-462c-b28f-0c951665c5c6""]","[""SUCCEEDED""]",OK,
5,dev_0076,4,16_00050,22,2,301,6,7,128,172,1,44,"[""73ac7ae4-c40b-4453-8db8-143a558ccd8f""]","[""SUCCEEDED""]",OK,
5,dev_0076,5,13_00075,22,3,333,7,10,172,247,3,75,"[""0f4957f8-5b4f-4709-93f6-1f4bf602e553""]","[""SUCCEEDED""]",OK,
5,dev_0076,6,3_00027,10,0,122,10,12,247,271,2,24,"[""8f354997-b876-4d72-aade-cb70ec8abccc""]","[""SUCCEEDED""]",OK,
5,dev_0076,7,13_00119,26,1,403,12,16,271,336,4,65,"[""9cb95548-53fc-4571-923f-c39e6c71d0df""]","[""SUCCEEDED""]",OK,
6,dev_0078,0,15_00049,26,2,387,0,2,0,68,2,68,"[""7331dc69-fcec-44a1-8d9f-1dfdb5e2857d""]","[""SUCCEEDED""]",OK,
6,dev_0078,1,13_00053,26,3,304,2,5,68,169,3,101,"[""afb47915-4228-47e4-a24c-79197367fae1""]","[""SUCCEEDED""]",OK,
6,dev_0078,2,6_00012,12,1,156,5,7,169,199,2,30,"[""4432b7c9-dba0-40af-9cb3-afc10a5b1d59""]","[""SUCCEEDED""]",OK,
6,dev_0078,3,20_00009,18,2,286,7,8,199,234,1,35,"[""f5568221-da71-481d-a27e-91d94d95b33a""]","[""SUCCEEDED""]",OK,
6,dev_0078,4,2_00127,14,0,126,8,10,234,261,2,27,"[""0d6ae65a-f0cf-46fc-b9d1-f165584db230""]","[""SUCCEEDED""]",OK,
7,dev_0079,0,19_00076,28,2,536,0,5,0,113,5,113,"[""c67fa46a-0527-42bd-8a8e-c43b297debc9""]","[""SUCCEEDED""]",OK,
7,dev_0079,1,6_00111,12,1,125,5,6,113,132,1,19,"[""0d2fc41b-c15b-4556-9e49-38275a19cc08""]","[""SUCCEEDED""]",OK,
7,dev_0079,2,1_00113,12,1,270,6,8,132,182,2,50,"[""3f6f90ca-79de-4fe9-a0de-f135fd8af93c""]","[""SUCCEEDED""]",OK,
7,dev_0079,3,16_00022,24,3,336,8,12,182,253,4,71,"[""4ae482df-09da-44f3-9f5b-abf589427d05""]","[""SUCCEEDED""]",OK,
7,dev_0079,4,18_00105,24,2,416,12,16,253,311,4,58,"[""9c5789f0-6e6f-4275-bd2c-17d1add5a017""]","[""SUCCEEDED""]",OK,
7,dev_0079,5,16_00065,20,2,332,16,19,311,389,3,78,"[""680c425f-33d5-4939-a14d-ef86ed5a05f6""]","[""SUCCEEDED""]",OK,
7,dev_0079,6,7_00060,18,1,268,19,20,389,423,1,34,"[""7ee0a225-0469-4ab4-90db-88d80a643f5f""]","[""SUCCEEDED""]",OK,
7,dev_0079,7,19_00057,34,2,507,20,22,423,496,2,73,"[""20504879-7ce3-4d90-8baf-81029ff0416c""]","[""SUCCEEDED""]",OK,
7,dev_0079,8,4_00009,8,1,137,22,23,496,537,1,41,"[""0205f224-a23c-4921-a5a9-964cffd8b882""]","[""SUCCEEDED""]",OK,
7,dev_0079,9,15_00064,22,2,367,23,25,537,615,2,78,"[""4fce462f-9bfe-44ed-8ea3-8310cced6f2b""]","[""SUCCEEDED""]",OK,
8,dev_0080,0,8_00017,30,2,613,0,3,0,118,3,118,"[""c41bbfbd-1fe6-4000-9715-31a5c7593781""]","[""SUCCEEDED""]",OK,
8,dev_0080,1,11_00043,16,2,269,3,7,118,215,4,97,"[""986f1b27-671f-44b2-b206-6fef5b738233""]","[""SUCCEEDED""]",OK,
8,dev_0080,2,14_00008,18,2,278,7,10,215,281,3,66,"[""10263617-52ba-4693-af56-e8f765ba8e4c""]","[""SUCCEEDED""]",OK,
8,dev_0080,3,3_00112,6,1,199,10,12,281,315,2,34,"[""0c6ea237-2e85-46f1-a130-a4792a003a10""]","[""SUCCEEDED""]",OK,
8,dev_0080,4,18_00022,36,2,544,12,18,315,438,6,123,"[""678b00a3-fbb9-439e-bb74-09bc09a20cc0""]","[""SUCCEEDED""]",OK,
8,dev_0080,5,18_00094,26,2,347,18,20,438,468,2,30,"[""71faf3bb-1c31-4267-985a-3d806c251437""]","[""SUCCEEDED""]",OK,
8,dev_0080,6,13_00097,26,1,323,20,25,468,581,5,113,"[""c1d55281-002b-4b3d-8c0f-7390274eb15a""]","[""SUCCEEDED""]",OK,
8,dev_0080,7,10_00052,20,2,275,25,27,581,634,2,53,"[""88cff273-1f9d-47be-8e42-e5b463f4707b""]","[""SUCCEEDED""]",OK,
9,dev_0081,0,12_00016,26,2,484,0,2,0,103,2,103,"[""c55cc468-4384-420d-8831-67e0eee7f9ea""]","[""SUCCEEDED""]",OK,
9,dev_0081,1,2_00049,16,1,220,2,4,103,161,2,58,"[""326d3a0f-7888-4f55-9022-e182e1463ba0""]","[""SUCCEEDED""]",OK,
9,dev_0081,2,11_00110,30,2,534,4,7,161,252,3,91,"[""11dc2bcd-248b-442b-9eab-a6031e70912c""]","[""SUCCEEDED""]",OK,
9,dev_0081,3,11_00059,20,1,297,7,8,252,280,1,28,"[""f5904ae4-43e1-4253-9851-f49f626f586e""]","[""SUCCEEDED""]",OK,
9,dev_0081,4,10_00046,16,2,258,8,13,280,346,5,66,"[""5309d830-b864-4cc1-9291-3ae8f9882ead""]","[""SUCCEEDED""]",OK,
9,dev_0081,5,15_00109,26,2,386,13,16,346,407,3,61,"[""9c6b5d42-b17f-4f8f-84d6-55932e3b93ce""]","[""SUCCEEDED""]",OK,
9,dev_0081,6,6_00043,16,1,280,16,16,407,434,0,27,"[""6e0d4db8-d224-4c3a-91d4-e6272c7f8004""]","[""SUCCEEDED""]",OK,
9,dev_0081,7,20_00075,24,2,173,16,17,434,475,1,41,"[""947e935e-0e35-4495-adae-4cb4dbe6fb6c""]","[""SUCCEEDED""]",OK,
9,dev_0081,8,11_00097,26,1,300,17,19,475,545,2,70,"[""f8b7b4d5-12cf-4985-b407-47bdb3f7dff8""]","[""SUCCEEDED""]",OK,
10,dev_0082,0,18_00093,20,2,260,0,4,0,74,4,74,"[""35855699-fa2e-42b7-825a-e27ea93101ab""]","[""SUCCEEDED""]",OK,
10,dev_0082,1,5_00107,6,0,47,4,5,74,85,1,11,"[""05a416ee-2d81-447c-b039-5c9f1fbf9658""]","[""SUCCEEDED""]",OK,
10,dev_0082,2,4_00010,10,1,123,5,6,85,119,1,34,"[""7c4426ec-b7dd-46d5-9765-56c6883295f1""]","[""SUCCEEDED""]",OK,
10,dev_0082,3,6_00007,10,1,116,6,8,119,152,2,33,"[""9ff7f597-f65c-4003-8c3b-0b2f14efeafe""]","[""SUCCEEDED""]",OK,
10,dev_0082,4,17_00077,34,4,607,8,15,152,326,7,174,"[""5f76d33f-6069-4bc7-bb4e-2dfadf9e4a89""]","[""SUCCEEDED""]",OK,
10,dev_0082,5,17_00057,24,3,297,15,18,326,398,3,72,"[""a709b929-72aa-4bc6-a1e4-2f980652946e""]","[""SUCCEEDED""]",OK,
10,dev_0082,6,1_00070,12,1,196,18,19,398,439,1,41,"[""42bb5296-5dd9-45bc-8840-d4d4bedafd85""]","[""SUCCEEDED""]",OK,
10,dev_0082,7,17_00049,22,3,338,19,22,439,489,3,50,"[""1bdca91f-699d-4e12-ad2f-be5b5ee76d37""]","[""SUCCEEDED""]",OK,
10,dev_0082,8,15_00037,22,2,339,22,25,489,567,3,78,"[""f5960f33-4a5e-44c5-a01b-8c45b49fa330""]","[""SUCCEEDED""]",OK,
11,dev_0083,0,6_00048,24,1,338,0,2,0,68,2,68,"[""5ee5e396-6982-4432-923c-c5b42fb0ecda""]","[""SUCCEEDED""]",OK,
11,dev_0083,1,16_00043,22,2,389,2,3,68,131,1,63,"[""5ac17f5a-c4d9-4b79-91e2-37dcf1131d80""]","[""SUCCEEDED""]",OK,
11,dev_0083,2,16_00096,14,2,205,3,5,131,176,2,45,"[""823f4b41-f42a-4fbd-9ad5-465f4791c4a3""]","[""SUCCEEDED""]",OK,
11,dev_0083,3,17_00102,28,4,492,5,8,176,252,3,76,"[""7e51d548-3362-4bad-8937-79c6f6f0d0b3""]","[""SUCCEEDED""]",OK,
11,dev_0083,4,1_00055,6,1,132,8,10,252,286,2,34,"[""d688681d-0760-4a36-af5f-0af14e11eca1""]","[""SUCCEEDED""]",OK,
11,dev_0083,5,18_00002,46,2,606,10,14,286,402,4,116,"[""77f88311-2570-4c50-a95d-dc03dcc6b42d""]","[""SUCCEEDED""]",OK,
11,dev_0083,6,13_00010,10,2,118,14,16,402,453,2,51,"[""1eb4d371-818a-42c7-8f58-5bd27adb9f5b""]","[""SUCCEEDED""]",OK,
12,dev_0084,0,11_00127,24,2,522,0,4,0,115,4,115,"[""4c4b5ca8-9b26-4f65-b05c-224d5aa77b9f""]","[""SUCCEEDED""]",OK,
12,dev_0084,1,6_00034,14,1,218,4,5,115,190,1,75,"[""a9dcf3ca-cf8b-44d3-bcc2-8812244e0dc9""]","[""SUCCEEDED""]",OK,
12,dev_0084,2,3_00084,10,1,133,5,6,190,217,1,27,"[""7e2dc350-407b-4db5-8bdd-d3977d40772d""]","[""SUCCEEDED""]",OK,
12,dev_0084,3,6_00001,16,1,173,6,7,217,256,1,39,"[""47942fe5-9040-4c0a-8b18-decc451168af""]","[""SUCCEEDED""]",OK,
12,dev_0084,4,18_00083,24,2,396,7,12,256,348,5,92,"[""f716007f-1633-4890-bcd4-20cfbbfdde92""]","[""SUCCEEDED""]",OK,
12,dev_0084,5,14_00115,20,3,366,12,15,348,454,3,106,"[""224917c5-aa6e-45a7-bb78-c225dc16cfdc""]","[""SUCCEEDED""]",OK,
12,dev_0084,6,17_00095,40,4,623,15,21,454,716,6,262,"[""78f038e1-6dfd-4e4c-89ad-6fb822f5be9b""]","[""SUCCEEDED""]",OK,
13,dev_0085,0,4_00085,18,1,266,0,1,0,46,1,46,"[""b5d4483f-48a2-44be-978c-15ff94116e6a""]","[""SUCCEEDED""]",OK,
13,dev_0085,1,9_00059,28,2,508,1,4,46,159,3,113,"[""aa6d6303-8fcb-4b76-9b23-a620c272cd67""]","[""SUCCEEDED""]",OK,
13,dev_0085,2,2_00082,16,1,219,4,9,159,261,5,102,"[""24fa1e64-a21e-436b-864e-3307daecbffe""]","[""SUCCEEDED""]",OK,
13,dev_0085,3,15_00072,20,2,356,9,13,261,372,4,111,"[""5e11a789-0d35-420a-84f4-718a1166fb44""]","[""SUCCEEDED""]",OK,
13,dev_0085,4,11_00020,22,2,253,13,18,372,440,5,68,"[""cff4c2df-fb14-4a8e-806b-f6fa1d7a4d7a""]","[""SUCCEEDED""]",OK,
13,dev_0085,5,16_00045,18,2,323,18,22,440,532,4,92,"[""f69a6301-169e-4f6a-8fa2-05096ed1634d""]","[""SUCCEEDED""]",OK,
13,dev_0085,6,12_00089,18,2,256,22,24,532,589,2,57,"[""ca1e6a73-c61a-4b3d-aec5-d8ae427d035c""]","[""SUCCEEDED""]",OK,
14,dev_0086,0,18_00089,24,2,353,0,4,0,66,4,66,"[""3ee4eb07-4cca-402e-8291-3af174c44b23""]","[""SUCCEEDED""]",OK,
14,dev_0086,1,10_00121,16,2,146,4,6,66,116,2,50,"[""b20c4aea-3fa9-4a39-9792-183e5175d11a""]","[""SUCCEEDED""]",OK,
14,dev_0086,2,4_00121,16,1,198,6,8,116,167,2,51,"[""9edef968-eb04-436e-a87b-de2d97693cb8""]","[""SUCCEEDED""]",OK,
14,dev_0086,3,13_00099,28,1,338,8,10,167,255,2,88,"[""6a2c5d3d-77c3-437b-88d2-c52f4f66c871""]","[""SUCCEEDED""]",OK,
14,dev_0086,4,2_00093,20,1,223,10,11,255,285,1,30,"[""338cdb85-7f93-4453-bb26-03ade675cc52""]","[""SUCCEEDED""]",OK,
14,dev_0086,5,14_00057,24,2,359,11,14,285,350,3,65,"[""b4f97aae-7f88-4e96-8774-976823017d8e""]","[""SUCCEEDED""]",OK,
14,dev_0086,6,1_00114,14,1,248,14,16,350,405,2,55,"[""e9868b07-cf2e-4401-a259-3da13c669bfc""]","[""SUCCEEDED""]",OK,
14,dev_0086,7,12_00093,24,2,287,16,17,405,433,1,28,"[""b25f9db0-ca3c-4558-9576-d49f92982ba7""]","[""SUCCEEDED""]",OK,
15,dev_0087,0,8_00029,32,2,635,0,4,0,105,4,105,"[""e3dcba27-6495-438a-907e-5b0948721abd""]","[""SUCCEEDED""]",OK,
15,dev_0087,1,20_00051,16,3,391,4,7,105,164,3,59,"[""b6ee70e4-0bb9-4393-ad34-1a59a603eb4b""]","[""SUCCEEDED""]",OK,
15,dev_0087,2,10_00090,18,2,217,7,10,164,205,3,41,"[""b5df72b0-4a00-45b8-ad1d-761f2321778d""]","[""SUCCEEDED""]",OK,
15,dev_0087,3,3_00117,12,1,175,10,11,205,234,1,29,"[""8aaffc2a-5579-4974-abc8-01e07c03801f""]","[""SUCCEEDED""]",OK,
15,dev_0087,4,11_00052,14,2,255,11,14,234,285,3,51,"[""8bab99b4-6c92-4169-b456-e6a1a7bb1324""]","[""SUCCEEDED""]",OK,
15,dev_0087,5,13_00017,14,2,257,14,16,285,324,2,39,"[""b026a2b2-ab5d-40cc-9d20-4d1c41573e77""]","[""SUCCEEDED""]",OK,
15,dev_0087,6,15_00027,22,2,414,16,18,324,375,2,51,"[""90755389-a9d8-4f14-abc8-d33b8ddc9a16""]","[""SUCCEEDED""]",OK,
15,dev_0087,7,9_00020,22,2,277,18,21,375,416,3,41,"[""65737c6a-47dd-4d0b-a16d-de62700d4dd9""]","[""SUCCEEDED""]",OK,
15,dev_0087,8,2_00071,24,1,290,21,23,416,497,2,81,"[""26cdb0d5-30cc-4751-8ba0-eca858ff5cd0""]","[""SUCCEEDED""]",OK,
0,dev_0117,0,20_00008,20,2,289,0,4,0,84,4,84,"[""35c5828c-4a36-489f-9e07-32d8c2c82992""]","[""SUCCEEDED""]",OK,
0,dev_0117,1,2_00101,20,1,255,4,7,84,174,3,90,"[""32ccfcb7-5098-4271-aad8-d28b445248de""]","[""SUCCEEDED""]",OK,
0,dev_0117,2,12_00097,20,2,250,7,11,174,242,4,68,"[""78d8196f-5506-48bf-88e1-62ee7faae528""]","[""SUCCEEDED""]",OK,
0,dev_0117,3,15_00061,20,2,400,11,13,242,323,2,81,"[""7565f9cd-dd0a-4b01-acbb-d2c195bcfd35""]","[""SUCCEEDED""]",OK,
0,dev_0117,4,10_00116,24,2,281,13,15,323,361,2,38,"[""55a58444-bc0f-42c5-847e-435c0399a505""]","[""SUCCEEDED""]",OK,
0,dev_0117,5,17_00108,30,2,429,15,19,361,453,4,92,"[""4cdd2d08-7b6e-4355-8baa-d9938682f05f""]","[""SUCCEEDED""]",OK,
0,dev_0117,6,2_00050,14,1,302,19,20,453,507,1,54,"[""fc8872cd-cc51-49ac-9e37-229fed70bca5""]","[""SUCCEEDED""]",OK,
1,dev_0118,0,17_00122,34,2,375,0,3,0,77,3,77,"[""7fa4894a-67a1-4462-8ba4-3acbeb8b3374""]","[""SUCCEEDED""]",OK,
1,dev_0118,1,12_00067,30,2,398,3,6,77,138,3,61,"[""f0746846-9ce2-43b5-a68d-3bd17e878c8f""]","[""SUCCEEDED""]",OK,
1,dev_0118,2,15_00008,32,3,596,6,8,138,195,2,57,"[""cda65d86-6f2d-4d85-adae-4b8fdcd93c99""]","[""SUCCEEDED""]",OK,
1,dev_0118,3,5_00121,12,1,135,8,9,195,211,1,16,"[""7a8b9f9c-7e7f-4afa-9c04-aba11490bcf1""]","[""SUCCEEDED""]",OK,
1,dev_0118,4,14_00040,24,2,329,9,14,211,341,5,130,"[""5d72b811-7265-4961-809f-de940e3dcdf3""]","[""SUCCEEDED""]",OK,
1,dev_0118,5,9_00077,14,2,276,14,17,341,371,3,30,"[""ef0ccaee-ccdd-4dd6-a23e-a095c059e5cc""]","[""SUCCEEDED""]",OK,
1,dev_0118,6,11_00018,24,2,259,17,21,371,432,4,61,"[""b6ff48cb-bc18-45fc-8246-6d176fad6daf""]","[""SUCCEEDED""]",OK,
1,dev_0118,7,4_00100,12,1,233,21,22,432,473,1,41,"[""a8dcca67-a7e8-4f14-a18c-cd06473f1460""]","[""SUCCEEDED""]",OK,
1,dev_0118,8,19_00108,20,2,236,22,24,473,551,2,78,"[""a35fe975-434b-4178-a8cb-451dfc695e35""]","[""SUCCEEDED""]",OK,
1,dev_0118,9,9_00103,6,1,161,24,26,551,606,2,55,"[""b902b6b5-8454-46ca-a2bb-99e654ad3f61""]","[""SUCCEEDED""]",OK,
2,dev_0119,0,7_00034,24,1,414,0,5,0,97,5,97,"[""871b186c-0b3f-4293-9d61-e7b24cb1a7bd""]","[""SUCCEEDED""]",OK,
2,dev_0119,1,10_00066,18,1,333,5,10,97,157,5,60,"[""2e72ff7f-ead3-4b00-b94f-f48995058ec3""]","[""SUCCEEDED""]",OK,
2,dev_0119,2,19_00071,30,2,516,10,15,157,265,5,108,"[""92e4309a-ccd1-4d8a-84e9-b42dbb2fc5b6""]","[""SUCCEEDED""]",OK,
2,dev_0119,3,20_00063,14,3,224,15,18,265,320,3,55,"[""ab0204c7-1ea3-4818-96f1-3f6f1ff8fdee""]","[""SUCCEEDED""]",OK,
2,dev_0119,4,17_00096,32,4,548,18,24,320,513,6,193,"[""168cb4bb-44e4-480d-81db-eef6a1435362""]","[""SUCCEEDED""]",OK,
2,dev_0119,5,5_00036,16,1,238,24,28,513,582,4,69,"[""f125f59f-b9c6-425b-8dc9-c90f369daff9""]","[""SUCCEEDED""]",OK,
2,dev_0119,6,5_00050,8,1,210,28,29,582,606,1,24,"[""5161834b-511b-4d8c-b31f-c96b4d361d77""]","[""SUCCEEDED""]",OK,
2,dev_0119,7,6_00095,14,1,138,29,32,606,647,3,41,"[""4346dd82-31a0-451d-ae06-9ef065f8bdbf""]","[""SUCCEEDED""]",OK,
2,dev_0119,8,1_00103,18,1,316,32,34,647,683,2,36,"[""7aa9a09c-68b4-44c7-98ac-da9044446c35""]","[""SUCCEEDED""]",OK,
3,dev_0120,0,12_00032,30,2,359,0,2,0,81,2,81,"[""058412fb-1208-4a16-87cc-129868149b38""]","[""SUCCEEDED""]",OK,
3,dev_0120,1,13_00089,26,1,344,2,4,81,153,2,72,"[""57f02535-da9a-42bf-9de1-bb97d2f358f0""]","[""SUCCEEDED""]",OK,
3,dev_0120,2,11_00009,16,2,197,4,7,153,193,3,40,"[""3a980fd7-a521-4e0f-b9a8-4c5e29257402""]","[""SUCCEEDED""]",OK,
3,dev_0120,3,3_00049,32,0,372,7,12,193,247,5,54,"[""f532fd1b-37f4-426b-a433-bedc3cbb55d1""]","[""SUCCEEDED""]",OK,
3,dev_0120,4,13_00110,24,1,333,12,15,247,344,3,97,"[""13b02dca-0f29-4d65-a152-74d8c681d693""]","[""SUCCEEDED""]",OK,
4,dev_0122,0,8_00047,28,2,497,0,3,0,85,3,85,"[""ddb173c9-247d-4861-bfee-731985c9b937""]","[""SUCCEEDED""]",OK,
4,dev_0122,1,20_00080,20,2,354,3,5,85,130,2,45,"[""bcfcd736-bee9-442f-b8c0-2b3800a824a5""]","[""SUCCEEDED""]",OK,
4,dev_0122,2,18_00046,24,3,305,5,9,130,219,4,89,"[""73be80c3-6199-4b16-9d4c-50ce54cb6c9d""]","[""SUCCEEDED""]",OK,
4,dev_0122,3,9_00046,18,2,242,9,12,219,263,3,44,"[""32905bd6-7906-4ecd-b087-9e6521deee03""]","[""SUCCEEDED""]",OK,
4,dev_0122,4,16_00058,18,2,275,12,15,263,328,3,65,"[""9090970e-c31a-419a-86e5-a885181192f8""]","[""SUCCEEDED""]",OK,
5,dev_0124,0,9_00006,20,2,255,0,3,0,91,3,91,"[""73fa5ddf-977a-4436-b119-05f0d7df5d89""]","[""SUCCEEDED""]",OK,
5,dev_0124,1,2_00048,22,1,334,3,4,91,141,1,50,"[""5ea2e278-d7db-4091-bff6-0b22d93a0f8f""]","[""SUCCEEDED""]",OK,
5,dev_0124,2,10_00127,14,2,137,4,6,141,176,2,35,"[""b1eebe39-6496-4bbd-9019-2379200200be""]","[""SUCCEEDED""]",OK,
5,dev_0124,3,12_00033,32,2,609,6,8,176,277,2,101,"[""e2cc04a2-ccd9-4ae9-86e0-8c65b8e223b8""]","[""SUCCEEDED""]",OK,
5,dev_0124,4,10_00012,16,2,207,8,9,277,303,1,26,"[""8dba923a-7307-48cb-b3c7-35bc9cca9d6d""]","[""SUCCEEDED""]",OK,
5,dev_0124,5,5_00061,8,1,175,9,10,303,335,1,32,"[""dde2fc61-ea60-4587-84fa-0742270348e9""]","[""SUCCEEDED""]",OK,
6,dev_0126,0,14_00084,20,2,365,0,4,0,107,4,107,"[""04865210-ee6a-4ad2-ad71-a6959d03549c""]","[""SUCCEEDED""]",OK,
6,dev_0126,1,4_00021,10,1,146,4,5,107,150,1,43,"[""3a8a571c-d4ed-4972-91dc-8f704d954931""]","[""SUCCEEDED""]",OK,
6,dev_0126,2,17_00115,42,2,714,5,9,150,275,4,125,"[""c5a93d3b-0047-49ca-b6df-9e964018e400""]","[""SUCCEEDED""]",OK,
6,dev_0126,3,19_00118,22,2,347,9,12,275,321,3,46,"[""1d5f4883-d239-456f-9b14-c719ff3a334b""]","[""SUCCEEDED""]",OK,
6,dev_0126,4,11_00040,18,2,241,12,15,321,368,3,47,"[""d3671757-2f9b-4ad6-b6af-4cfc007b0d32""]","[""SUCCEEDED""]",OK,
6,dev_0126,5,12_00029,22,2,390,15,17,368,446,2,78,"[""131c347d-818c-47f3-b660-d0144c90d6bf""]","[""SUCCEEDED""]",OK,
6,dev_0126,6,16_00080,18,2,260,17,19,446,513,2,67,"[""55542191-36d2-46cd-800f-4a440ccb0f35""]","[""SUCCEEDED""]",OK,
6,dev_0126,7,19_00067,32,2,564,19,27,513,702,8,189,"[""5183b43b-342b-42f7-b453-403bd5f5834c""]","[""SUCCEEDED""]",OK,
6,dev_0126,8,11_00027,20,2,237,27,30,702,749,3,47,"[""ffc5926c-0806-49cb-a052-2db1196a3ca9""]","[""SUCCEEDED""]",OK,
6,dev_0126,9,7_00062,22,1,311,30,34,749,825,4,76,"[""0a3281e4-250a-4fc9-a989-07ae5d5ad8ff""]","[""SUCCEEDED""]",OK,
7,dev_0127,0,15_00063,24,2,345,0,3,0,78,3,78,"[""0a641b1b-b6e1-454c-b863-807f0272b1d9""]","[""SUCCEEDED""]",OK,
7,dev_0127,1,17_00091,48,4,944,3,7,78,172,4,94,"[""1a75100e-adf4-47e9-87e4-b370f33850cb""]","[""SUCCEEDED""]",OK,
7,dev_0127,2,1_00120,14,1,261,7,9,172,230,2,58,"[""6849d848-37df-4e85-8891-94f14ded766d""]","[""SUCCEEDED""]",OK,
7,dev_0127,3,19_00115,20,2,299,9,11,230,274,2,44,"[""781fa5c7-d30d-42c3-9743-26712e885a63""]","[""SUCCEEDED""]",OK,
7,dev_0127,4,13_00112,32,1,536,11,17,274,437,6,163,"[""45007854-91ed-416d-888a-78face6c7cb2""]","[""SUCCEEDED""]",OK,
8,dev_0128,0,19_00004,26,2,346,0,2,0,53,2,53,"[""cc2314e7-a6f1-48d2-8170-aa16113bda46""]","[""SUCCEEDED""]",OK,
8,dev_0128,1,6_00076,16,1,246,2,4,53,101,2,48,"[""219241e7-6591-4758-86dd-93f8eab81c6f""]","[""SUCCEEDED""]",OK,
8,dev_0128,2,8_00048,28,2,456,4,6,101,164,2,63,"[""e5e375f9-9dfc-47ea-a392-8b15a25ab281""]","[""SUCCEEDED""]",OK,
8,dev_0128,3,11_00103,32,1,518,6,9,164,226,3,62,"[""622e99e7-73d3-4f85-9a3b-96733618bf05""]","[""SUCCEEDED""]",OK,
8,dev_0128,4,14_00094,22,2,287,9,11,226,286,2,60,"[""457092b5-8641-47d8-90f5-fa4f8ec0b9ea""]","[""SUCCEEDED""]",OK,
8,dev_0128,5,9_00089,10,2,180,11,13,286,362,2,76,"[""63faa990-1b56-402f-a6be-1235063e6ce9""]","[""SUCCEEDED""]",OK,
8,dev_0128,6,13_00064,22,3,356,13,16,362,457,3,95,"[""7c96de7d-c0f0-424d-8444-e5f4128584db""]","[""SUCCEEDED""]",OK,
8,dev_0128,7,5_00057,10,1,184,16,18,457,490,2,33,"[""ba77d95f-a6c7-4233-85f9-f77fb2964337""]","[""SUCCEEDED""]",OK,
9,dev_0130,0,10_00007,14,2,175,0,3,0,58,3,58,"[""2019c19b-0d62-4818-b5a4-9e248f3d3fac""]","[""SUCCEEDED""]",OK,
9,dev_0130,1,7_00028,12,1,138,3,5,58,82,2,24,"[""5c58bb86-f9cd-4692-9c5b-f926137a838b""]","[""SUCCEEDED""]",OK,
9,dev_0130,2,10_00032,14,2,206,5,8,82,128,3,46,"[""b01aad8f-8997-4beb-a9b0-71197d576311""]","[""SUCCEEDED""]",OK,
9,dev_0130,3,13_00118,32,1,352,8,13,128,216,5,88,"[""6a0f1349-5b1a-49c3-a936-f7f1ff4d411b""]","[""SUCCEEDED""]",OK,
9,dev_0130,4,15_00091,28,2,484,13,15,216,283,2,67,"[""21817c9c-8cb6-406a-b3fc-eceb145e153f""]","[""SUCCEEDED""]",OK,
9,dev_0130,5,3_00086,8,1,112,15,18,283,323,3,40,"[""4018dae9-b5a2-44bf-b110-6e87c7444ae5""]","[""SUCCEEDED""]",OK,
10,dev_0131,0,13_00095,28,1,341,0,3,0,92,3,92,"[""70ef468f-1fa7-4e4e-81de-51d961d442e7""]","[""SUCCEEDED""]",OK,
10,dev_0131,1,1_00080,16,1,325,3,4,92,127,1,35,"[""9e07a7bf-818d-415b-870c-018126881349""]","[""SUCCEEDED""]",OK,
10,dev_0131,2,2_00076,18,1,274,4,5,127,157,1,30,"[""9e645846-cb38-4fb9-a72f-4b05b9408fee""]","[""SUCCEEDED""]",OK,
10,dev_0131,3,15_00115,24,2,404,5,7,157,205,2,48,"[""b061e339-879f-4a74-8b12-a4eae80e679a""]","[""SUCCEEDED""]",OK,
10,dev_0131,4,9_00114,8,2,174,7,9,205,242,2,37,"[""0eca06b4-b9db-47c8-bea3-a96b190cb9bc""]","[""SUCCEEDED""]",OK,
10,dev_0131,5,12_00095,20,2,258,9,13,242,301,4,59,"[""59800180-2962-4fc1-9edd-286dbfe65054""]","[""SUCCEEDED""]",OK,
10,dev_0131,6,13_00106,16,1,296,13,12,301,289,-1,-12,"[""a3474617-c365-4851-8e72-c11271e8127b""]","[""SUCCEEDED""]",OK,
10,dev_0131,7,3_00059,20,0,305,12,12,289,284,0,-5,"[""58b64f33-4e58-45a8-b075-ac6f0b509d6d""]","[""SUCCEEDED""]",OK,
11,dev_0132,0,12_00030,24,2,409,0,5,0,111,5,111,"[""89cae5f3-3419-48f5-92d7-1a40106c3703""]","[""SUCCEEDED""]",OK,
11,dev_0132,1,9_00096,14,1,233,5,11,111,186,6,75,"[""7c55c440-a685-4080-b117-a6bf5584cd0f""]","[""SUCCEEDED""]",OK,
11,dev_0132,2,13_00113,28,1,391,11,13,186,257,2,71,"[""0e09cf47-67d9-4e8e-bf9b-1e3192302d82""]","[""SUCCEEDED""]",OK,
11,dev_0132,3,12_00125,8,2,152,13,15,257,325,2,68,"[""d8eece8e-db39-440d-bd22-63b9d0bf69df""]","[""SUCCEEDED""]",OK,
11,dev_0132,4,20_00057,20,3,377,15,18,325,391,3,66,"[""3955b259-b635-4380-9537-055b1db171e1""]","[""SUCCEEDED""]",OK,
11,dev_0132,5,5_00042,8,1,93,18,19,391,403,1,12,"[""e3a59f91-ec78-499c-9498-0c3a47e33613""]","[""SUCCEEDED""]",OK,
11,dev_0132,6,13_00096,24,1,399,19,21,403,479,2,76,"[""ea8912ab-25a8-437e-b982-d296386019d6""]","[""SUCCEEDED""]",OK,
11,dev_0132,7,10_00010,20,2,243,21,24,479,536,3,57,"[""04a9457d-72db-4ebe-a8c9-d67cf71f0dea""]","[""SUCCEEDED""]",OK,
11,dev_0132,8,13_00121,24,1,442,24,28,536,645,4,109,"[""f707b18a-5a63-45b9-91e2-0203f5b4ba6b""]","[""SUCCEEDED""]",OK,
11,dev_0132,9,4_00016,10,1,140,28,29,645,706,1,61,"[""fe24e11c-95a9-44c5-91c9-6fb52ae6cdc2""]","[""SUCCEEDED""]",OK,
12,dev_0133,0,18_00070,16,2,277,0,4,0,54,4,54,"[""17b409a0-700a-4779-94b8-63a1c594be78""]","[""SUCCEEDED""]",OK,
12,dev_0133,1,11_00051,22,2,245,4,9,54,116,5,62,"[""3f1bab15-014d-4054-b724-e98ebecae12e""]","[""SUCCEEDED""]",OK,
12,dev_0133,2,16_00005,22,3,413,9,12,116,211,3,95,"[""d51f82f0-a245-437b-9a1f-8e97687b7109""]","[""SUCCEEDED""]",OK,
12,dev_0133,3,20_00013,26,2,366,12,16,211,269,4,58,"[""8ec4a0c1-fae3-499e-8b78-f5a08b89d920""]","[""SUCCEEDED""]",OK,
12,dev_0133,4,1_00002,10,1,159,16,17,269,299,1,30,"[""585f06fa-772e-4146-8448-91612d3d6b55""]","[""SUCCEEDED""]",OK,
12,dev_0133,5,16_00108,14,2,166,17,19,299,338,2,39,"[""f24e65bd-e4b4-44cb-af00-de001c812dd3""]","[""SUCCEEDED""]",OK,
12,dev_0133,6,6_00063,20,1,274,19,21,338,401,2,63,"[""b431ce9e-ba1a-479f-b7de-f04acd6635b2""]","[""SUCCEEDED""]",OK,
13,dev_0134,0,2_00029,12,1,278,0,1,0,11,1,11,"[""53af0522-7743-4a8d-9802-2aad3df40ee7""]","[""SUCCEEDED""]",OK,
13,dev_0134,1,17_00111,36,2,507,1,6,11,116,5,105,"[""30369da7-866b-4ea4-85c3-494e8451f0b9""]","[""SUCCEEDED""]",OK,
13,dev_0134,2,5_00003,16,1,139,6,8,116,139,2,23,"[""43cd43aa-2af8-4e50-a046-f68451b9d80c""]","[""SUCCEEDED""]",OK,
13,dev_0134,3,6_00010,12,1,136,8,9,139,165,1,26,"[""52745f52-cd1b-4dbb-8004-34da7bd73dd1""]","[""SUCCEEDED""]",OK,
13,dev_0134,4,11_00047,22,2,262,9,11,165,200,2,35,"[""60080ee8-2e48-4296-8999-d0f5b565efae""]","[""SUCCEEDED""]",OK,
13,dev_0134,5,19_00070,26,2,312,11,13,200,274,2,74,"[""5d56bb15-c629-4931-bd32-103ea2dc75bd""]","[""SUCCEEDED""]",OK,
13,dev_0134,6,9_00080,12,2,192,13,17,274,330,4,56,"[""d1ee156e-f55d-4e19-a9b9-b8169c1e6c14""]","[""SUCCEEDED""]",OK,
13,dev_0134,7,12_00082,22,2,298,17,19,330,366,2,36,"[""56512b02-361c-4f80-ac27-75621ce427ea""]","[""SUCCEEDED""]",OK,
14,dev_0135,0,11_00104,20,1,337,0,3,0,65,3,65,"[""4583bcb8-489c-4693-a13b-cbfbad334e73""]","[""SUCCEEDED""]",OK,
14,dev_0135,1,2_00040,20,1,279,3,4,65,113,1,48,"[""72944316-eb3c-48af-8f8c-fa356a8c9621""]","[""SUCCEEDED""]",OK,
14,dev_0135,2,13_00116,22,1,388,4,7,113,191,3,78,"[""bc806f84-f1a2-458e-a218-be6b8dae1052""]","[""SUCCEEDED""]",OK,
14,dev_0135,3,4_00122,14,1,138,7,9,191,229,2,38,"[""bc26e869-77a1-44b7-beea-b63674460437""]","[""SUCCEEDED""]",OK,
14,dev_0135,4,11_00012,20,2,270,9,13,229,272,4,43,"[""b4209599-6549-4bcf-b002-b3a87323f3a3""]","[""SUCCEEDED""]",OK,
14,dev_0135,5,8_00001,32,2,538,13,15,272,354,2,82,"[""46aa8daf-a10e-497f-a586-32112561e77a""]","[""SUCCEEDED""]",OK,
15,dev_0136,0,6_00073,18,1,303,0,2,0,88,2,88,"[""878a0e26-bbe3-4a9c-ac44-bbd6ce153949""]","[""SUCCEEDED""]",OK,
15,dev_0136,1,9_00018,18,2,281,2,7,88,211,5,123,"[""eff6ff85-487a-4003-89f9-ad78f0b852d9""]","[""SUCCEEDED""]",OK,
15,dev_0136,2,4_00065,20,1,308,7,10,211,269,3,58,"[""f3a72cf4-3983-4de4-8acd-24ce7dd6a501""]","[""SUCCEEDED""]",OK,
15,dev_0136,3,19_00001,24,2,414,10,12,269,323,2,54,"[""d2f64f39-7eab-4b10-902e-4b5871d80919""]","[""SUCCEEDED""]",OK,
15,dev_0136,4,18_00109,22,2,255,12,15,323,395,3,72,"[""6718dc09-0210-46c2-b1cb-844281655516""]","[""SUCCEEDED""]",OK,
15,dev_0136,5,12_00121,14,2,200,15,17,395,430,2,35,"[""bf4bf904-07d6-48fc-bf7a-a325afe53bf4""]","[""SUCCEEDED""]",OK,
15,dev_0136,6,10_00011,12,2,100,17,18,430,468,1,38,"[""6d6df8e5-30b9-46ba-b504-7a7062ab8395""]","[""SUCCEEDED""]",OK,
15,dev_0136,7,5_00072,8,1,103,18,19,468,477,1,9,"[""a13b6b33-ee1a-4805-aeb6-e63e562e79c7""]","[""SUCCEEDED""]",OK,
15,dev_0136,8,13_00035,20,3,380,19,22,477,579,3,102,"[""59e6c0c3-e9bb-4fed-aa1c-9027fd94facb""]","[""SUCCEEDED""]",OK,
15,dev_0136,9,11_00005,16,2,213,22,24,579,627,2,48,"[""8abbb6e5-4f51-46c3-9fee-bb9cf2e642d9""]","[""SUCCEEDED""]",OK,
16,dev_0137,0,18_00048,32,3,364,0,3,0,68,3,68,"[""4cf1e8ec-5633-4429-a60a-6e0de489e85f""]","[""SUCCEEDED""]",OK,
16,dev_0137,1,16_00077,12,2,243,3,5,68,158,2,90,"[""308c8fbd-1e70-4bd6-b368-67aa13338938""]","[""SUCCEEDED""]",OK,
16,dev_0137,2,16_00017,32,3,578,5,8,158,292,3,134,"[""c4590512-199d-4fe5-92cc-15e4cab6f62f""]","[""SUCCEEDED""]",OK,
16,dev_0137,3,9_00076,12,1,182,8,12,292,338,4,46,"[""13a0c3b7-8284-469e-99ce-c3a7034f8533""]","[""SUCCEEDED""]",OK,
16,dev_0137,4,16_00116,22,2,243,12,14,338,390,2,52,"[""153c8685-d5c6-4713-afef-ced4b97cd558""]","[""SUCCEEDED""]",OK,
16,dev_0137,5,4_00112,14,1,200,14,16,390,432,2,42,"[""fa81dcfc-25ca-4b0c-9ec3-aabd62f233ac""]","[""SUCCEEDED""]",OK,
16,dev_0137,6,14_00095,20,2,246,16,18,432,505,2,73,"[""19f8e93b-3d55-416b-af09-cf00e9c285cb""]","[""SUCCEEDED""]",OK,
16,dev_0137,7,1_00010,14,1,289,18,19,505,535,1,30,"[""b525bc84-1f4f-4a43-931e-35e87a64707d""]","[""SUCCEEDED""]",OK,
16,dev_0137,8,9_00013,22,2,296,19,19,535,563,0,28,"[""9b8ea219-a408-42a8-8003-db6ade7ebea0""]","[""SUCCEEDED""]",OK,
17,dev_0138,0,13_00111,30,1,505,0,3,0,79,3,79,"[""2436e13a-c3c0-443f-9a4c-95d3ef7f3149""]","[""SUCCEEDED""]",OK,
17,dev_0138,1,4_00108,16,1,142,3,6,79,124,3,45,"[""58570aa6-939e-4d9f-9c66-493fbd683c62""]","[""SUCCEEDED""]",OK,
0,dev_0169,0,19_00045,22,2,419,0,5,0,77,5,77,"[""f7271d56-9a31-4b53-8810-44faab448752""]","[""SUCCEEDED""]",OK,
0,dev_0169,1,2_00047,14,1,227,5,6,77,135,1,58,"[""d59f5d19-3eba-4d02-b861-3fa8c4c70e63""]","[""SUCCEEDED""]",OK,
0,dev_0169,2,12_00007,22,2,383,6,8,135,246,2,111,"[""fca6f20a-b60e-4d15-8fee-9f41e277ba8c""]","[""SUCCEEDED""]",OK,
0,dev_0169,3,20_00034,28,3,578,8,12,246,339,4,93,"[""ac158c47-4939-4c58-b710-42080d63d12a""]","[""SUCCEEDED""]",OK,
0,dev_0169,4,11_00081,28,1,322,12,16,339,400,4,61,"[""eca26105-97d9-4d7c-afa6-8bfa4907fbda""]","[""SUCCEEDED""]",OK,
0,dev_0169,5,7_00021,10,1,124,16,17,400,413,1,13,"[""3f4af772-e459-4b08-9f6d-b184887488d4""]","[""SUCCEEDED""]",OK,
1,dev_0170,0,13_00103,20,1,345,0,3,0,61,3,61,"[""812e878f-51ad-4743-9d48-f6c7ce5a0014""]","[""SUCCEEDED""]",OK,
1,dev_0170,1,3_00097,10,1,115,3,3,61,61,0,0,"[""62b1c1b2-c859-4452-aea4-437f685455a4""]","[""SUCCEEDED""]",OK,
1,dev_0170,2,14_00071,26,2,341,3,6,61,151,3,90,"[""852e7727-17ab-46b4-ad7b-87584637ac69""]","[""SUCCEEDED""]",OK,
1,dev_0170,3,1_00000,12,1,209,6,7,151,213,1,62,"[""d0575ea0-54d4-4c68-8807-09661088ed54""]","[""SUCCEEDED""]",OK,
1,dev_0170,4,7_00029,8,1,99,7,8,213,225,1,12,"[""0bf8bbe1-bd66-4c62-ba2d-009493dda91d""]","[""SUCCEEDED""]",OK,
1,dev_0170,5,4_00045,24,1,374,8,12,225,298,4,73,"[""f00ae67c-6169-4d0a-9b5f-1c0bbc45a3a8""]","[""SUCCEEDED""]",OK,
1,dev_0170,6,9_00116,12,1,171,12,15,298,353,3,55,"[""f922b631-abcc-4b0d-9288-cb62a92ec81c""]","[""SUCCEEDED""]",OK,
2,dev_0171,0,20_00108,18,2,328,0,3,0,47,3,47,"[""2943f7b8-d1bd-4351-a0fb-3e07e24eddce""]","[""SUCCEEDED""]",OK,
2,dev_0171,1,6_00037,20,1,261,3,2,47,44,-1,-3,"[""489faaa2-82a9-4b98-bd8a-410c42ca475c""]","[""SUCCEEDED""]",OK,
2,dev_0171,2,6_00105,18,1,230,2,4,44,98,2,54,"[""6b71d469-2c5d-4f4b-95b8-5be02a0c515c""]","[""SUCCEEDED""]",OK,
2,dev_0171,3,17_00042,16,3,129,4,6,98,132,2,34,"[""dde9f52c-4cf8-46c3-ac74-795e101205a7""]","[""SUCCEEDED""]",OK,
2,dev_0171,4,12_00085,24,2,374,6,9,132,207,3,75,"[""f321fe88-fbb9-4f15-b734-25953c2ef39b""]","[""SUCCEEDED""]",OK,
2,dev_0171,5,6_00115,20,1,245,9,10,207,242,1,35,"[""d47b4ba7-3403-40a7-8667-85c66ef0c6c9""]","[""SUCCEEDED""]",OK,
3,dev_0172,0,13_00074,30,3,420,0,3,0,72,3,72,"[""5c2c24ad-49ed-49f6-9fb7-3a82b87af0de""]","[""SUCCEEDED""]",OK,
3,dev_0172,1,9_00097,12,1,266,3,6,72,107,3,35,"[""356af4dc-6c59-4fae-b581-c20b8361a6ad""]","[""SUCCEEDED""]",OK,
3,dev_0172,2,17_00022,18,3,330,,,,,,,,,ERROR,"Server error '502 Bad Gateway' for url 'https://api.mem0.ai/v1/event/f0378d57-e71f-418f-a843-1447a306a92b/'
For more information check: https://developer.mozilla.org/en-US/docs/Web/HTTP/Status/502"
3,dev_0172,3,12_00048,28,2,364,6,13,107,265,7,158,"[""0ceeabcb-5360-48e4-8f5c-97cd7c671505""]","[""SUCCEEDED""]",OK,
3,dev_0172,4,18_00013,28,2,308,13,18,265,362,5,97,"[""2aa9575e-b215-4719-a505-b60b6afa3010""]","[""SUCCEEDED""]",OK,
3,dev_0172,5,13_00100,28,1,408,18,20,362,450,2,88,"[""a1a72ee0-743d-4169-a6ae-a71418e578f9""]","[""SUCCEEDED""]",OK,
4,dev_0173,0,10_00059,18,1,187,0,3,0,42,3,42,"[""03a10cce-bb9f-4f99-8a1b-eaa70ecb7f0c""]","[""SUCCEEDED""]",OK,
4,dev_0173,1,18_00065,32,3,357,3,7,42,95,4,53,"[""a7fe42b5-1a88-476a-9d2b-a57d870727f5""]","[""SUCCEEDED""]",OK,
4,dev_0173,2,2_00031,12,1,153,7,8,95,113,1,18,"[""41fb4360-e011-411f-9f42-173b8d780de9""]","[""SUCCEEDED""]",OK,
4,dev_0173,3,4_00000,10,1,166,8,10,113,143,2,30,"[""fdec700f-f00c-4385-8801-00dfd784e71e""]","[""SUCCEEDED""]",OK,
4,dev_0173,4,8_00053,18,2,162,10,12,143,178,2,35,"[""181020bb-e8cc-4137-adcb-5fdc4e3f65e2""]","[""SUCCEEDED""]",OK,
5,dev_0174,0,20_00071,24,2,174,0,4,0,101,4,101,"[""29a1d456-2958-4fe9-88cb-8a3cad3bfc1d""]","[""SUCCEEDED""]",OK,
5,dev_0174,1,14_00085,20,2,438,4,8,101,194,4,93,"[""8a839c7f-1be6-4a84-bbdc-0fba5ba0a0e8""]","[""SUCCEEDED""]",OK,
5,dev_0174,2,1_00029,10,1,149,8,9,194,221,1,27,"[""de3fb703-2d44-4b50-8ae3-a7cd003d4f0e""]","[""SUCCEEDED""]",OK,
5,dev_0174,3,1_00007,12,1,241,9,12,221,288,3,67,"[""801890d5-9efc-428a-804f-0312fba1895c""]","[""SUCCEEDED""]",OK,
5,dev_0174,4,9_00028,22,2,408,12,14,288,332,2,44,"[""21c9cde0-06be-48a3-bd12-869cab2fbf42""]","[""SUCCEEDED""]",OK,
5,dev_0174,5,14_00124,18,3,412,14,17,332,418,3,86,"[""5f9041ce-c58e-4027-ba71-427669d67f76""]","[""SUCCEEDED""]",OK,
5,dev_0174,6,13_00070,18,3,336,17,20,418,488,3,70,"[""cb3928dd-158b-4fd5-9de3-2e6d7e245806""]","[""SUCCEEDED""]",OK,
6,dev_0175,0,13_00033,20,2,319,0,2,0,40,2,40,"[""66f62647-4e0b-45d7-a170-8ce19c35e1c9""]","[""SUCCEEDED""]",OK,
6,dev_0175,1,20_00082,18,2,203,2,4,40,94,2,54,"[""11c9b63a-6ba1-4cdf-945e-a34ef97e4212""]","[""SUCCEEDED""]",OK,
6,dev_0175,2,10_00096,18,2,225,4,6,94,142,2,48,"[""06780886-8f41-46aa-bbd1-0ca1f077d539""]","[""SUCCEEDED""]",OK,
6,dev_0175,3,19_00060,26,2,421,6,8,142,238,2,96,"[""d9dd5152-12a7-4d21-acbb-fb1b4f5cbf76""]","[""SUCCEEDED""]",OK,
6,dev_0175,4,1_00001,12,1,270,8,13,238,358,5,120,"[""0cff82fb-afde-433a-8ffe-b9facfac1034""]","[""SUCCEEDED""]",OK,
6,dev_0175,5,15_00095,20,2,371,13,15,358,421,2,63,"[""ce6b4aa5-ea0b-495a-83b1-ef293ace2160""]","[""SUCCEEDED""]",OK,
6,dev_0175,6,5_00112,8,0,101,15,16,421,448,1,27,"[""d47fa052-ed9d-4899-9d0b-b95c2242a3de""]","[""SUCCEEDED""]",OK,
6,dev_0175,7,10_00023,18,2,244,16,21,448,512,5,64,"[""dfbbe4e3-e0ec-4c92-9ea6-cc68227e8704""]","[""SUCCEEDED""]",OK,
7,dev_0176,0,15_00050,24,2,519,0,2,0,51,2,51,"[""fb4913cd-652d-4d10-923c-490ae4eb3d1e""]","[""SUCCEEDED""]",OK,
7,dev_0176,1,16_00078,24,2,356,2,3,51,82,1,31,"[""e79b2045-9ba0-4e0c-8c42-403262c774b8""]","[""SUCCEEDED""]",OK,
7,dev_0176,2,12_00108,12,2,200,3,5,82,160,2,78,"[""6cb89ad8-3a41-44b5-ae86-452506e6e4ea""]","[""SUCCEEDED""]",OK,
7,dev_0176,3,19_00025,22,2,277,5,7,160,217,2,57,"[""b505b42f-595d-4f31-81d2-780011cf1195""]","[""SUCCEEDED""]",OK,
7,dev_0176,4,8_00077,18,2,232,7,9,217,258,2,41,"[""b562c99c-0b9e-4241-868b-2f2f9c6c55ad""]","[""SUCCEEDED""]",OK,
7,dev_0176,5,9_00108,18,2,301,9,14,258,345,5,87,"[""aea295d8-b290-422a-923c-f17eee8ecd3f""]","[""SUCCEEDED""]",OK,
7,dev_0176,6,1_00105,14,1,265,14,15,345,384,1,39,"[""90565718-7135-4c74-bf7e-53017d7988d7""]","[""SUCCEEDED""]",OK,
7,dev_0176,7,1_00119,16,1,326,15,18,384,485,3,101,"[""e0641e8c-12ab-4dde-9437-3c47dbcec963""]","[""SUCCEEDED""]",OK,
8,dev_0177,0,2_00117,12,1,221,0,1,0,27,1,27,"[""c2773a2f-ed40-47dd-bbfe-d5b07d5f5e1c""]","[""SUCCEEDED""]",OK,
8,dev_0177,1,16_00048,20,2,349,1,3,27,87,2,60,"[""942572a5-c46d-4948-8b40-a364f1129ebe""]","[""SUCCEEDED""]",OK,
8,dev_0177,2,8_00102,20,2,298,3,6,87,153,3,66,"[""2b88fa59-f568-4154-8357-9ca94fafed35""]","[""SUCCEEDED""]",OK,
8,dev_0177,3,6_00045,24,1,447,6,7,153,199,1,46,"[""8aed1832-25e2-4fe0-b68d-a3a843083364""]","[""SUCCEEDED""]",OK,
8,dev_0177,4,17_00048,16,3,332,7,11,199,253,4,54,"[""9a15cc08-00df-4c75-9599-d601fbd98c28""]","[""SUCCEEDED""]",OK,
8,dev_0177,5,5_00120,12,1,123,11,12,253,279,1,26,"[""0a0c36bb-41dd-4128-b358-c5d78b50cf0f""]","[""SUCCEEDED""]",OK,
8,dev_0177,6,7_00046,12,1,219,12,13,279,321,1,42,"[""49525633-36e3-4278-b4f0-669c7a433c44""]","[""SUCCEEDED""]",OK,
8,dev_0177,7,4_00064,12,1,218,13,14,321,357,1,36,"[""6cf48659-54ec-40aa-b0d8-b8de7df39ff3""]","[""SUCCEEDED""]",OK,
9,dev_0178,0,12_00045,38,2,687,0,2,0,77,2,77,"[""6eb615f6-a93a-45e0-be3b-865e07a25c2f""]","[""SUCCEEDED""]",OK,
9,dev_0178,1,14_00031,22,2,330,2,5,77,154,3,77,"[""b277f610-41f1-4a8d-b530-0932892bb5b4""]","[""SUCCEEDED""]",OK,
9,dev_0178,2,7_00055,16,1,247,5,6,154,203,1,49,"[""b9eb6060-73b8-4509-9e1b-6a698b56d102""]","[""SUCCEEDED""]",OK,
9,dev_0178,3,19_00014,24,2,387,6,9,203,303,3,100,"[""cf2228d2-3ba9-47eb-b622-f38b1c0cbce1""]","[""SUCCEEDED""]",OK,
9,dev_0178,4,11_00013,20,2,250,9,12,303,352,3,49,"[""1ba5db4a-cbe9-4c7b-a440-48e252e2d308""]","[""SUCCEEDED""]",OK,
9,dev_0178,5,7_00009,12,1,177,12,13,352,382,1,30,"[""e53275cb-779b-4c99-bb90-b198fa8a5ff5""]","[""SUCCEEDED""]",OK,
9,dev_0178,6,10_00118,18,2,217,13,15,382,423,2,41,"[""4087118b-06f2-4107-bf0e-9e8e5ac5f275""]","[""SUCCEEDED""]",OK,
9,dev_0178,7,5_00109,4,0,53,15,16,423,447,1,24,"[""d094356f-827e-4cdf-91e2-e4057847be5d""]","[""SUCCEEDED""]",OK,
9,dev_0178,8,6_00071,16,1,227,16,17,447,504,1,57,"[""0ad4d3f0-4e9b-4565-b27c-e93cde11d9b0""]","[""SUCCEEDED""]",OK,
10,dev_0179,0,7_00050,14,1,181,0,1,0,20,1,20,"[""f75fd4ae-6259-4f52-9b6f-828135838c0a""]","[""SUCCEEDED""]",OK,
10,dev_0179,1,14_00106,22,3,382,1,4,20,143,3,123,"[""3231c4d4-6e88-4391-baa7-db167caaabba""]","[""SUCCEEDED""]",OK,
10,dev_0179,2,13_00046,18,3,461,4,6,143,208,2,65,"[""f85f0e5d-b0c2-4762-8e48-18805bbb8073""]","[""SUCCEEDED""]",OK,
10,dev_0179,3,6_00055,24,1,343,6,7,208,281,1,73,"[""d4c85e3f-f879-44c8-8a54-af46ffbc5932""]","[""SUCCEEDED""]",OK,
10,dev_0179,4,17_00007,20,3,282,7,10,281,338,3,57,"[""33ee4064-daf6-4bbf-9812-289d47373855""]","[""SUCCEEDED""]",OK,
10,dev_0179,5,1_00003,12,1,196,10,11,338,381,1,43,"[""1e4d263c-91d4-49ac-b935-248c13fcc6a3""]","[""SUCCEEDED""]",OK,
10,dev_0179,6,11_00070,16,1,299,11,14,381,487,3,106,"[""ed0ae300-19be-4dc9-b177-9f231cd8e3eb""]","[""SUCCEEDED""]",OK,
10,dev_0179,7,10_00101,18,2,206,14,16,487,531,2,44,"[""89181d9b-db8f-462f-b1f6-cd78eccfc5bc""]","[""SUCCEEDED""]",OK,
10,dev_0179,8,5_00086,10,1,146,16,18,531,559,2,28,"[""c1e1d6af-7e20-409c-919d-f319736c9dda""]","[""SUCCEEDED""]",OK,
10,dev_0179,9,1_00092,16,1,309,18,21,559,703,3,144,"[""fd6af4ae-28d6-4f2a-9b6f-2cce51a8fedb""]","[""SUCCEEDED""]",OK,
11,dev_0180,0,15_00125,26,3,443,0,3,0,56,3,56,"[""426f4af4-a163-4daa-9af4-617f23c0e7f6""]","[""SUCCEEDED""]",OK,
11,dev_0180,1,8_00066,22,2,326,3,9,56,168,6,112,"[""d6b72dbc-d90d-43c2-a30a-932653eb7b8e""]","[""SUCCEEDED""]",OK,
11,dev_0180,2,17_00014,18,3,329,9,10,168,184,1,16,"[""cab20418-f1fc-410f-9896-927b58e16c9b""]","[""SUCCEEDED""]",OK,
11,dev_0180,3,1_00108,16,1,228,10,12,184,258,2,74,"[""91ada046-58e9-4d74-90e6-12728cbaf308""]","[""SUCCEEDED""]",OK,
11,dev_0180,4,14_00007,28,2,314,12,20,258,425,8,167,"[""ed33708c-19f0-4af6-bb0e-f100135025dd""]","[""SUCCEEDED""]",OK,
12,dev_0181,0,19_00006,22,2,302,0,3,0,78,3,78,"[""f4415386-b302-4119-9479-47392d18dbce""]","[""SUCCEEDED""]",OK,
12,dev_0181,1,3_00039,16,0,180,3,4,78,106,1,28,"[""fbed5d60-472c-4624-8afe-7cf264741f02""]","[""SUCCEEDED""]",OK,
12,dev_0181,2,7_00002,16,1,222,4,10,106,204,6,98,"[""8a33c873-d1f7-4220-a185-412b0d682f24""]","[""SUCCEEDED""]",OK,
12,dev_0181,3,13_00068,18,3,349,10,13,204,279,3,75,"[""438cb166-6130-4762-af75-4577d0547d0a""]","[""SUCCEEDED""]",OK,
12,dev_0181,4,17_00071,30,4,460,13,18,279,446,5,167,"[""0fdcdb5a-954d-461d-bba2-bd36851e6491""]","[""SUCCEEDED""]",OK,
12,dev_0181,5,2_00067,16,1,343,18,18,446,472,0,26,"[""a46b030d-415a-4d51-9a4d-cfbd06c29d78""]","[""SUCCEEDED""]",OK,
12,dev_0181,6,11_00086,18,1,232,18,19,472,503,1,31,"[""ae526473-e874-470c-bf19-3a1efe4db684""]","[""SUCCEEDED""]",OK,
13,dev_0182,0,14_00127,32,3,542,0,4,0,143,4,143,"[""05cd7355-b832-414b-98bb-23db89204810""]","[""SUCCEEDED""]",OK,
13,dev_0182,1,2_00052,20,1,286,4,4,143,147,0,4,"[""2c1cae7d-eaae-47a5-bee6-3e1ba6d8a544""]","[""SUCCEEDED""]",OK,
13,dev_0182,2,3_00046,18,0,287,4,5,147,194,1,47,"[""5b514db5-dbe6-4f54-af25-0eb3d54393ad""]","[""SUCCEEDED""]",OK,
13,dev_0182,3,13_00019,14,2,201,5,6,194,198,1,4,"[""02c2207d-4d7b-49a7-a419-1b597d0bfc44""]","[""SUCCEEDED""]",OK,
13,dev_0182,4,14_00015,28,2,342,6,8,198,242,2,44,"[""142e14cc-87e6-4f00-9f22-7d9530847307""]","[""SUCCEEDED""]",OK,
13,dev_0182,5,9_00045,18,2,336,8,10,242,311,2,69,"[""5fb3aa7c-556f-48ac-b164-9b34208147ee""]","[""SUCCEEDED""]",OK,
14,dev_0183,0,2_00113,18,1,227,0,2,0,53,2,53,"[""9d2d0716-6065-4623-82b4-b0ae712634ac""]","[""SUCCEEDED""]",OK,
14,dev_0183,1,18_00056,30,3,433,2,7,53,105,5,52,"[""934e13f1-2498-41b1-b3af-900d939ed21b""]","[""SUCCEEDED""]",OK,
14,dev_0183,2,7_00063,20,1,251,7,10,105,148,3,43,"[""db409ca8-fdaf-4f4c-a1e6-84d1fd077717""]","[""SUCCEEDED""]",OK,
14,dev_0183,3,19_00110,24,2,258,10,12,148,199,2,51,"[""f62298c8-8670-4e4c-bd95-308e0614087f""]","[""SUCCEEDED""]",OK,
14,dev_0183,4,16_00126,12,2,237,12,15,199,263,3,64,"[""93eb1114-9ca8-43b2-9747-4955ab9272f3""]","[""SUCCEEDED""]",OK,
14,dev_0183,5,13_00048,22,3,356,15,19,263,371,4,108,"[""3b2923f2-3baa-4434-bb77-2616c991b48a""]","[""SUCCEEDED""]",OK,
14,dev_0183,6,4_00011,14,1,211,19,20,371,436,1,65,"[""6d9e3423-7f3c-4489-9aa8-b9ca543f8ebe""]","[""SUCCEEDED""]",OK,
14,dev_0183,7,6_00082,22,1,317,20,22,436,479,2,43,"[""48b31c69-4ace-418b-b9f3-dbee2dfa2110""]","[""SUCCEEDED""]",OK,
15,dev_0184,0,20_00070,26,2,444,0,2,0,71,2,71,"[""544877ac-acf1-46c9-b50e-b634d9614b7a""]","[""SUCCEEDED""]",OK,
15,dev_0184,1,12_00120,14,2,221,2,3,71,91,1,20,"[""a118ba08-50a4-4909-95e6-2e565241bcb6""]","[""SUCCEEDED""]",OK,
15,dev_0184,2,4_00006,10,1,208,3,6,91,129,3,38,"[""6611aa49-682c-4385-b11c-80c9bc9283b7""]","[""SUCCEEDED""]",OK,
15,dev_0184,3,6_00031,18,1,213,6,9,129,168,3,39,"[""ceb71de7-0cbd-44e5-89bf-024d90e4022c""]","[""SUCCEEDED""]",OK,
15,dev_0184,4,13_00020,8,2,108,9,11,168,210,2,42,"[""626b3fc0-66fb-419a-b840-f7959361f997""]","[""SUCCEEDED""]",OK,
15,dev_0184,5,18_00003,34,2,440,11,16,210,308,5,98,"[""f43538f8-4752-49ea-a998-8982375aba94""]","[""SUCCEEDED""]",OK,
15,dev_0184,6,3_00007,14,0,108,16,18,308,330,2,22,"[""b8a5a9d3-8b4d-4168-8e07-463eef7f1a53""]","[""SUCCEEDED""]",OK,
15,dev_0184,7,2_00126,10,0,143,18,20,330,362,2,32,"[""912e5505-5025-4840-87e2-d33f9fd08855""]","[""SUCCEEDED""]",OK,
15,dev_0184,8,15_00051,26,2,341,20,22,362,426,2,64,"[""b96fa736-f9ea-4ea5-93d4-16af3ea52b1e""]","[""SUCCEEDED""]",OK,
16,dev_0186,0,14_00043,20,2,291,0,2,0,47,2,47,"[""6c3ab5b7-311a-4611-a03d-75d2c28b6112""]","[""SUCCEEDED""]",OK,
16,dev_0186,1,8_00004,28,2,408,2,4,47,127,2,80,"[""068ee9b4-1557-4518-94e6-14d627c865f9""]","[""SUCCEEDED""]",OK,
16,dev_0186,2,3_00011,18,0,247,4,6,127,158,2,31,"[""25abcedf-7ce6-4ac9-96c0-7dd9fa841849""]","[""SUCCEEDED""]",OK,
16,dev_0186,3,15_00055,20,2,327,6,8,158,215,2,57,"[""59bc68ed-a9c1-41aa-a8a5-b2bb3899270c""]","[""SUCCEEDED""]",OK,
16,dev_0186,4,5_00092,6,0,66,8,9,215,238,1,23,"[""9343d4f2-33f7-42cf-98dd-bc267074748f""]","[""SUCCEEDED""]",OK,
16,dev_0186,5,14_00120,30,3,511,9,14,238,380,5,142,"[""34afc6dd-c169-4a3f-b940-a3d017f8b605""]","[""SUCCEEDED""]",OK,
17,dev_0187,0,9_00019,24,2,256,0,4,0,51,4,51,"[""820ab211-68fb-4916-a38d-62d321f0d407""]","[""SUCCEEDED""]",OK,
17,dev_0187,1,13_00109,26,1,428,4,7,51,147,3,96,"[""a9eb298f-1ae7-4c66-9001-b8e9e459ce59""]","[""SUCCEEDED""]",OK,
17,dev_0187,2,9_00118,8,1,212,7,9,147,212,2,65,"[""b1eb23b7-8459-4a16-b966-1ddce05a2379""]","[""SUCCEEDED""]",OK,
17,dev_0187,3,4_00043,14,1,353,9,14,212,331,5,119,"[""36d05419-4d55-45b0-9e86-c9730dac35c9""]","[""SUCCEEDED""]",OK,
17,dev_0187,4,8_00106,22,2,345,14,17,331,391,3,60,"[""e6fb4158-2c6d-4e5d-bba5-6e719f216b4a""]","[""SUCCEEDED""]",OK,
17,dev_0187,5,8_00085,16,2,257,17,19,391,424,2,33,"[""b9549b49-87dc-4bc7-8159-655653883a50""]","[""SUCCEEDED""]",OK,
17,dev_0187,6,18_00047,26,3,373,19,25,424,546,6,122,"[""f5ec1b46-d47e-43bc-88f9-94a4678c4ee9""]","[""SUCCEEDED""]",OK,
18,dev_0189,0,14_00067,22,2,445,0,6,0,91,6,91,"[""c8c02a90-b6ad-412f-a0e0-7f7c221b72f9""]","[""SUCCEEDED""]",OK,
18,dev_0189,1,3_00080,8,1,90,6,7,91,106,1,15,"[""85b93d1e-65c3-485c-97c9-1538aba5438b""]","[""SUCCEEDED""]",OK,
18,dev_0189,2,14_00066,22,2,328,7,12,106,194,5,88,"[""5c4ada76-6269-4960-9d45-6774bfdd3871""]","[""SUCCEEDED""]",OK,
18,dev_0189,3,6_00022,20,1,188,12,16,194,246,4,52,"[""5cbd9890-34bc-4cfc-a7ea-f6c4df3897e2""]","[""SUCCEEDED""]",OK,
18,dev_0189,4,3_00064,22,0,372,16,19,246,311,3,65,"[""b9dbdf45-f37a-44dc-b944-cb3a77b13427""]","[""SUCCEEDED""]",OK,
19,dev_0190,0,4_00084,22,1,302,0,1,0,48,1,48,"[""c02b664c-1bba-468f-a17f-338373dabf8d""]","[""SUCCEEDED""]",OK,
19,dev_0190,1,7_00008,14,1,234,1,6,48,93,5,45,"[""ee4dbb36-1707-46cf-8f99-a832b87e8b6f""]","[""SUCCEEDED""]",OK,
19,dev_0190,2,8_00099,18,2,361,6,8,93,181,2,88,"[""a411e042-265f-44dd-8315-c75b47fca02d""]","[""SUCCEEDED""]",OK,
19,dev_0190,3,4_00036,20,1,270,8,12,181,239,4,58,"[""6a837b43-3c26-4f22-967c-ecf94cab48a4""]","[""SUCCEEDED""]",OK,
19,dev_0190,4,2_00105,18,1,443,12,14,239,291,2,52,"[""a95301ed-c46a-4306-af02-a798003d9cb5""]","[""SUCCEEDED""]",OK,
19,dev_0190,5,16_00008,28,3,513,14,17,291,361,3,70,"[""12b0bfc6-81da-4b8a-982d-be48a6f1848b""]","[""SUCCEEDED""]",OK,
19,dev_0190,6,4_00120,18,1,219,17,19,361,409,2,48,"[""107a90ae-2cda-4833-8d03-7e5ec0a779a1""]","[""SUCCEEDED""]",OK,
19,dev_0190,7,18_00071,20,2,282,19,21,409,465,2,56,"[""75bf921b-7957-43f1-bcf0-b728344e0d77""]","[""SUCCEEDED""]",OK,
0,dev_0219,0,18_00078,20,2,331,0,3,0,59,3,59,"[""472a72de-e7a6-4668-9c9e-fcf09859e29d""]","[""SUCCEEDED""]",OK,
0,dev_0219,1,16_00049,28,2,458,3,8,59,197,5,138,"[""85afc275-5fa7-47df-acc9-218207ddfd3f""]","[""SUCCEEDED""]",OK,
0,dev_0219,2,2_00061,18,1,273,8,9,197,243,1,46,"[""c70c1abc-ee07-48dd-aa3a-101d675d2a54""]","[""SUCCEEDED""]",OK,
0,dev_0219,3,5_00105,12,0,109,9,14,243,288,5,45,"[""34bb4b5a-1ec7-4204-967d-e9b733ea17f8""]","[""SUCCEEDED""]",OK,
0,dev_0219,4,18_00021,40,2,660,14,21,288,476,7,188,"[""4e8d69ab-a903-4f99-a1e1-036b8606b140""]","[""SUCCEEDED""]",OK,
0,dev_0219,5,8_00061,22,2,310,21,23,476,541,2,65,"[""7d67aba6-0268-4a55-9b00-45c07e70e8f1""]","[""SUCCEEDED""]",OK,
0,dev_0219,6,10_00064,20,1,214,23,29,541,608,6,67,"[""4287ab58-2a1b-480c-92f3-18cadd085a03""]","[""SUCCEEDED""]",OK,
0,dev_0219,7,19_00091,28,2,284,29,33,608,694,4,86,"[""690185ea-e1e8-48f1-9c27-d46945848697""]","[""SUCCEEDED""]",OK,
0,dev_0219,8,6_00086,20,1,275,33,39,694,792,6,98,"[""59b41fbf-823a-42e8-abee-09b0e4f52f3e""]","[""SUCCEEDED""]",OK,
0,dev_0219,9,19_00114,20,2,308,39,41,792,855,2,63,"[""143dc9a4-9762-4949-b440-bc5c2b07a679""]","[""SUCCEEDED""]",OK,
1,dev_0220,0,2_00080,20,1,335,0,9,0,122,9,122,"[""d905f862-f702-4646-a0dc-d788970ba902""]","[""SUCCEEDED""]",OK,
1,dev_0220,1,1_00021,12,1,197,9,10,122,162,1,40,"[""8272f500-4726-4f88-a989-202bc6e0aea0""]","[""SUCCEEDED""]",OK,
1,dev_0220,2,19_00043,34,2,439,10,20,162,285,10,123,"[""1a7fed70-fe2e-4965-8d1f-8d60b6e6012d""]","[""SUCCEEDED""]",OK,
1,dev_0220,3,13_00085,26,1,416,20,23,285,378,3,93,"[""4163b9b7-497d-4ff4-853f-ac549818d135""]","[""SUCCEEDED""]",OK,
1,dev_0220,4,19_00023,22,2,255,23,25,378,445,2,67,"[""44f55369-2d72-4cc2-9de6-b7088fa4eef9""]","[""SUCCEEDED""]",OK,
1,dev_0220,5,2_00062,16,1,297,25,26,445,492,1,47,"[""adf50d6c-3fcf-43ad-98a2-561314f17cf1""]","[""SUCCEEDED""]",OK,
1,dev_0220,6,2_00027,12,1,149,26,27,492,518,1,26,"[""3b9249b1-2ccf-454f-8372-b709d025b3b3""]","[""SUCCEEDED""]",OK,
1,dev_0220,7,1_00054,14,1,215,27,28,518,567,1,49,"[""ff7253a0-c861-4cc0-a887-c00d20a6439a""]","[""SUCCEEDED""]",OK,
2,dev_0221,0,13_00087,20,1,380,0,2,0,64,2,64,"[""327fb4eb-0f28-458f-8e75-3eadd5f98c37""]","[""SUCCEEDED""]",OK,
2,dev_0221,1,12_00024,26,2,373,2,4,64,163,2,99,"[""4d9c9d99-2180-4b36-a486-7474124b7236""]","[""SUCCEEDED""]",OK,
2,dev_0221,2,11_00022,16,2,238,4,8,163,223,4,60,"[""cdcb280e-15df-434c-a565-2aa15ef89e76""]","[""SUCCEEDED""]",OK,
2,dev_0221,3,19_00028,20,2,443,8,10,223,273,2,50,"[""875536d8-71e1-456b-a0a4-070761f9bb6f""]","[""SUCCEEDED""]",OK,
2,dev_0221,4,12_00009,32,2,508,10,10,273,246,0,-27,"[""24d8c07d-10d2-4ae9-b5c0-b0e7970b3bf0""]","[""SUCCEEDED""]",OK,
2,dev_0221,5,1_00031,14,1,237,10,12,246,284,2,38,"[""413fe45c-81c5-4ee2-a4fa-f81e5709c20e""]","[""SUCCEEDED""]",OK,
2,dev_0221,6,18_00125,20,2,302,12,14,284,351,2,67,"[""b466a6e6-ac27-4c51-bf35-41b9a43bf1e1""]","[""SUCCEEDED""]",OK,
2,dev_0221,7,16_00016,28,3,519,14,16,351,420,2,69,"[""2de9d633-0410-4a04-9905-f777ff6421e7""]","[""SUCCEEDED""]",OK,
2,dev_0221,8,11_00032,16,2,270,16,18,420,456,2,36,"[""7b29d2e7-3d64-4ee2-afa2-74132052c702""]","[""SUCCEEDED""]",OK,
2,dev_0221,9,5_00081,8,0,82,18,20,456,478,2,22,"[""915e355a-9a33-4e09-b1ed-e985cc25ff15""]","[""SUCCEEDED""]",OK,
3,dev_0222,0,9_00044,24,2,243,0,3,0,34,3,34,"[""0c916400-c41a-440c-817a-b55174156c43""]","[""SUCCEEDED""]",OK,
3,dev_0222,1,19_00098,20,2,342,3,4,34,88,1,54,"[""39641f12-35ca-412d-90ad-60f8bd29e4b5""]","[""SUCCEEDED""]",OK,
3,dev_0222,2,20_00026,24,3,470,4,7,88,191,3,103,"[""97fd8926-20b5-4e37-97fd-6e42092b84c5""]","[""SUCCEEDED""]",OK,
3,dev_0222,3,16_00105,26,2,368,7,11,191,269,4,78,"[""c16cb868-b9ad-44d8-988e-f3b5c659a258""]","[""SUCCEEDED""]",OK,
3,dev_0222,4,6_00120,8,1,116,11,12,269,299,1,30,"[""d821e293-93ca-432d-953a-4790c08fcf20""]","[""SUCCEEDED""]",OK,
4,dev_0223,0,20_00045,20,3,274,0,6,0,108,6,108,"[""30fa5382-79ad-43de-b568-8fabfa33807b""]","[""SUCCEEDED""]",OK,
4,dev_0223,1,5_00078,6,1,85,6,7,108,125,1,17,"[""dbddcd88-2532-48aa-b389-66eb077121df""]","[""SUCCEEDED""]",OK,
4,dev_0223,2,4_00027,12,1,181,7,9,125,175,2,50,"[""4adf6cdc-edd8-4157-829d-42cacdf0258b""]","[""SUCCEEDED""]",OK,
4,dev_0223,3,6_00077,18,1,298,9,15,175,302,6,127,"[""aca41d43-62ab-4a56-9c0b-ac0a60dd8854""]","[""SUCCEEDED""]",OK,
4,dev_0223,4,12_00059,20,2,380,,,,,,,,,ERROR,"Server error '502 Bad Gateway' for url 'https://api.mem0.ai/v1/event/aedc84d3-fb38-4d8f-84fb-5473f0186ae6/'
For more information check: https://developer.mozilla.org/en-US/docs/Web/HTTP/Status/502"
4,dev_0223,5,15_00078,22,2,444,15,21,302,475,6,173,"[""77462517-e8ce-40bc-9945-b4886a4f7d99""]","[""SUCCEEDED""]",OK,
4,dev_0223,6,16_00106,26,2,223,21,23,475,517,2,42,"[""c4467c38-10e1-46be-b66e-ec1c09a2e300""]","[""SUCCEEDED""]",OK,
4,dev_0223,7,3_00072,20,0,234,23,24,517,550,1,33,"[""713c52b8-b539-4434-b2c1-4f28b849b748""]","[""SUCCEEDED""]",OK,
5,dev_0224,0,12_00072,20,2,166,0,4,0,62,4,62,"[""f64ef42a-8a1a-4c6f-9f92-c82db7471d4c""]","[""SUCCEEDED""]",OK,
5,dev_0224,1,8_00006,26,2,436,4,6,62,144,2,82,"[""61716072-a0ff-416f-950a-77b7def37e69""]","[""SUCCEEDED""]",OK,
5,dev_0224,2,13_00078,22,3,426,6,9,144,226,3,82,"[""9e79b0be-f0c9-4dc7-ab11-2ea2bb2de34d""]","[""SUCCEEDED""]",OK,
5,dev_0224,3,8_00082,24,2,494,9,12,226,328,3,102,"[""b2fb2a74-31f7-4774-8898-a9fc5f3fcafc""]","[""SUCCEEDED""]",OK,
5,dev_0224,4,8_00024,30,2,559,12,14,328,415,2,87,"[""e63631f7-0338-4117-bd30-f1d32db8099f""]","[""SUCCEEDED""]",OK,
6,dev_0226,0,12_00104,22,2,219,0,3,0,61,3,61,"[""6ec23097-9e2b-4314-a40b-7270e5cc915e""]","[""SUCCEEDED""]",OK,
6,dev_0226,1,4_00033,18,1,309,3,6,61,120,3,59,"[""53609a6b-1ae8-4abd-9dfa-0bf0ecaa8def""]","[""SUCCEEDED""]",OK,
6,dev_0226,2,10_00115,20,2,231,6,11,120,208,5,88,"[""d4956106-7a68-47f1-80d3-0eb82e322956""]","[""SUCCEEDED""]",OK,
6,dev_0226,3,5_00077,8,1,159,11,14,208,257,3,49,"[""e6a3ef02-b542-4493-b25c-aaf037573175""]","[""SUCCEEDED""]",OK,
6,dev_0226,4,10_00095,18,2,216,14,15,257,287,1,30,"[""f80455be-af2a-43c9-87e0-4c38819b0a3a""]","[""SUCCEEDED""]",OK,
6,dev_0226,5,15_00036,22,2,378,15,17,287,352,2,65,"[""88cdf340-cf26-41dc-b09c-2174dbcf8e42""]","[""SUCCEEDED""]",OK,
6,dev_0226,6,20_00019,20,3,358,17,22,352,484,5,132,"[""e533b60f-74d3-498a-8591-ff373723254e""]","[""SUCCEEDED""]",OK,
6,dev_0226,7,13_00126,28,1,310,22,25,484,559,3,75,"[""99a0ec7a-7d5f-4680-a1dd-78c0aba6113f""]","[""SUCCEEDED""]",OK,
7,dev_0227,0,18_00115,16,2,333,0,6,0,77,6,77,"[""58b3afc3-631a-4009-af2e-21485ff55e26""]","[""SUCCEEDED""]",OK,
7,dev_0227,1,4_00117,16,1,214,6,7,77,99,1,22,"[""56ac7721-5186-4762-b571-26f03c91f9f3""]","[""SUCCEEDED""]",OK,
7,dev_0227,2,14_00065,20,2,415,7,9,99,191,2,92,"[""35e1a5b5-426f-4285-b5d4-31ca735db143""]","[""SUCCEEDED""]",OK,
7,dev_0227,3,15_00045,28,2,322,9,11,191,259,2,68,"[""b544ebf6-815f-4eb1-b74d-068eaeda2d97""]","[""SUCCEEDED""]",OK,
7,dev_0227,4,1_00106,16,1,372,11,13,259,356,2,97,"[""7fa7b0f0-516f-4c3a-9e6d-4711c376b6cd""]","[""SUCCEEDED""]",OK,
7,dev_0227,5,12_00054,28,2,447,13,15,356,427,2,71,"[""b34de8e6-bfde-42ea-a6a8-1f35047d47f8""]","[""SUCCEEDED""]",OK,
8,dev_0228,0,5_00068,4,0,56,0,1,0,12,1,12,"[""b067bfef-028d-4230-b770-b4ce7f9682ae""]","[""SUCCEEDED""]",OK,
8,dev_0228,1,3_00103,6,1,123,1,3,12,43,2,31,"[""525e1cae-7afa-45a6-9436-3bb90f2da8d3""]","[""SUCCEEDED""]",OK,
8,dev_0228,2,16_00015,30,3,518,3,6,43,104,3,61,"[""92d86ccf-80fc-48af-814e-c19b8890bfda""]","[""SUCCEEDED""]",OK,
8,dev_0228,3,16_00063,18,2,260,6,8,104,183,2,79,"[""be1e42a6-9541-4e38-9c35-c842f47c2f1b""]","[""SUCCEEDED""]",OK,
8,dev_0228,4,5_00101,6,0,60,8,9,183,205,1,22,"[""c9663703-508b-4245-b46b-7eb0fe977f25""]","[""SUCCEEDED""]",OK,
9,dev_0230,0,14_00027,18,2,303,0,5,0,117,5,117,"[""6d590745-6f24-4b76-ac22-aa0a0348786b""]","[""SUCCEEDED""]",OK,
9,dev_0230,1,10_00056,16,2,254,5,7,117,169,2,52,"[""93837bc7-7b55-4e85-90b5-49d7c7bbab34""]","[""SUCCEEDED""]",OK,
9,dev_0230,2,4_00066,16,1,197,7,10,169,219,3,50,"[""73c9358e-15ac-4a41-8a31-1157a7201d28""]","[""SUCCEEDED""]",OK,
9,dev_0230,3,5_00076,8,0,105,10,11,219,242,1,23,"[""44eb4db7-c8ca-46f7-9282-adc70d39b49e""]","[""SUCCEEDED""]",OK,
9,dev_0230,4,10_00000,18,2,256,11,15,242,320,4,78,"[""f09a0d12-2778-4dcc-b337-53eb7dc36905""]","[""SUCCEEDED""]",OK,
9,dev_0230,5,8_00096,22,2,328,15,17,320,378,2,58,"[""a8c52c02-a1d0-483d-9447-a8660864b7cd""]","[""SUCCEEDED""]",OK,
9,dev_0230,6,19_00050,26,2,373,17,19,378,517,2,139,"[""0b659ee9-76e5-4b34-83be-6833ea12e715""]","[""SUCCEEDED""]",OK,
9,dev_0230,7,9_00049,28,2,404,19,25,517,636,6,119,"[""1dc404f5-8082-487b-a9cb-45aeccec3b00""]","[""SUCCEEDED""]",OK,
9,dev_0230,8,14_00116,26,3,424,25,28,636,714,3,78,"[""1675c561-30b5-4377-97c9-fa24276f2245""]","[""SUCCEEDED""]",OK,
9,dev_0230,9,19_00086,28,2,312,28,30,714,801,2,87,"[""22489f3e-ceb5-4faa-9115-822444af037a""]","[""SUCCEEDED""]",OK,
10,dev_0231,0,18_00112,18,2,338,0,5,0,102,5,102,"[""38d6d535-6289-4bd9-af8f-58ac1cfc97c5""]","[""SUCCEEDED""]",OK,
10,dev_0231,1,20_00031,30,3,465,5,10,102,243,5,141,"[""240e33a1-4441-41f5-9fad-bdfd9b518d57""]","[""SUCCEEDED""]",OK,
10,dev_0231,2,11_00118,32,2,483,10,12,243,337,2,94,"[""511d4ee9-3877-4b72-935b-a1cc24870b2f""]","[""SUCCEEDED""]",OK,
10,dev_0231,3,11_00023,18,2,249,12,15,337,427,3,90,"[""bf1c8d3c-f181-413e-8ade-df76c4d0bc64""]","[""SUCCEEDED""]",OK,
10,dev_0231,4,2_00006,12,1,141,15,16,427,444,1,17,"[""d89b7a26-7b7d-4036-825a-120338a6af84""]","[""SUCCEEDED""]",OK,
10,dev_0231,5,4_00013,10,1,183,16,18,444,514,2,70,"[""74f34d3d-e204-4fb4-bd3b-0ac533dd4658""]","[""SUCCEEDED""]",OK,
11,dev_0233,0,17_00121,30,2,393,0,3,0,70,3,70,"[""4972a974-eacd-4405-b1c3-5e8f0aab50e9""]","[""SUCCEEDED""]",OK,
11,dev_0233,1,3_00048,24,0,248,3,6,70,140,3,70,"[""7b14b64d-efe6-44dd-a1e6-0e13ae96befe""]","[""SUCCEEDED""]",OK,
11,dev_0233,2,14_00029,26,2,389,6,10,140,248,4,108,"[""1523f5d3-113c-446c-9e99-50b66f374e4d""]","[""SUCCEEDED""]",OK,
11,dev_0233,3,12_00051,20,2,318,10,12,248,302,2,54,"[""3efea915-f9a6-4ad3-818a-2c03e21bc1b1""]","[""SUCCEEDED""]",OK,
11,dev_0233,4,12_00094,20,2,315,12,14,302,371,2,69,"[""0da1a309-5037-414f-a618-c610173888a8""]","[""SUCCEEDED""]",OK,
11,dev_0233,5,1_00075,10,1,224,14,15,371,418,1,47,"[""64b1f86c-ace9-4e0e-a2bd-f30289822bb5""]","[""SUCCEEDED""]",OK,
12,dev_0234,0,19_00099,22,2,334,0,1,0,56,1,56,"[""27f9d6ea-f702-433d-9c0d-1a52b6a49b17""]","[""SUCCEEDED""]",OK,
12,dev_0234,1,10_00073,18,2,239,1,5,56,118,4,62,"[""38b72e40-eb2b-4ccc-865c-ec36403aa99a""]","[""SUCCEEDED""]",OK,
12,dev_0234,2,17_00088,36,4,532,5,9,118,219,4,101,"[""1422d340-c6fe-4295-a658-89e23d8b9bee""]","[""SUCCEEDED""]",OK,
12,dev_0234,3,19_00094,24,2,295,9,12,219,318,3,99,"[""99af1e6a-81fa-4496-bd3c-194e4cad858f""]","[""SUCCEEDED""]",OK,
12,dev_0234,4,8_00057,22,2,297,12,14,318,380,2,62,"[""15479be6-4b8f-4ebc-bdd1-e905c513ae66""]","[""SUCCEEDED""]",OK,
12,dev_0234,5,14_00068,22,2,298,14,17,380,471,3,91,"[""da569f27-f2be-487f-b2a9-66b7bbf2481e""]","[""SUCCEEDED""]",OK,
13,dev_0236,0,9_00084,12,2,215,0,5,0,82,5,82,"[""76c7b3cd-9e47-4cf5-9a6c-784541bf69d7""]","[""SUCCEEDED""]",OK,
13,dev_0236,1,2_00053,14,1,201,5,6,82,123,1,41,"[""8a0aeae2-8bb6-4ca7-aa2a-8929ec7b0fe7""]","[""SUCCEEDED""]",OK,
13,dev_0236,2,13_00091,20,1,453,6,9,123,209,3,86,"[""c4e6d7e9-417a-4e11-9403-af67dc748bfe""]","[""SUCCEEDED""]",OK,
13,dev_0236,3,1_00096,14,1,327,9,10,209,253,1,44,"[""a696ba19-7cfd-4207-9690-15c8fef01d69""]","[""SUCCEEDED""]",OK,
13,dev_0236,4,11_00057,20,1,340,10,11,253,291,1,38,"[""a601b1b2-577e-4b2e-88b9-5371673d33b9""]","[""SUCCEEDED""]",OK,
13,dev_0236,5,7_00038,24,1,317,11,16,291,428,5,137,"[""38f0969c-a8e1-4e00-9125-7d7356f7825f""]","[""SUCCEEDED""]",OK,
13,dev_0236,6,6_00106,14,1,162,16,17,428,453,1,25,"[""932abf3f-7e81-4bdc-bcf9-fd967c4845df""]","[""SUCCEEDED""]",OK,
13,dev_0236,7,3_00051,22,0,279,17,18,453,503,1,50,"[""404df360-283b-41b5-929e-ecee6a7f3fa9""]","[""SUCCEEDED""]",OK,
14,dev_0238,0,16_00112,18,2,182,0,2,0,41,2,41,"[""6ce53eb3-b7d5-448e-886f-25c350617f05""]","[""SUCCEEDED""]",OK,
14,dev_0238,1,4_00115,14,1,262,2,5,41,96,3,55,"[""64552c19-1798-45c0-84f2-adc189cc4a31""]","[""SUCCEEDED""]",OK,
14,dev_0238,2,9_00126,18,2,228,5,7,96,166,2,70,"[""af04d01a-55c4-4c38-bd01-d197c152a8e6""]","[""SUCCEEDED""]",OK,
14,dev_0238,3,15_00101,14,2,271,7,9,166,222,2,56,"[""df6939d7-e19c-4e49-bfa7-88ef70fbe202""]","[""SUCCEEDED""]",OK,
14,dev_0238,4,8_00092,22,2,299,9,12,222,301,3,79,"[""e383224f-ec01-4407-9492-5abb03123bf3""]","[""SUCCEEDED""]",OK,
14,dev_0238,5,12_00040,28,2,393,12,13,301,380,1,79,"[""9d849d61-d780-4e2f-a01e-9145433e37f3""]","[""SUCCEEDED""]",OK,
14,dev_0238,6,19_00103,20,2,366,13,18,380,480,5,100,"[""f1140ecd-6a4d-48f7-86c2-c6176b926bef""]","[""SUCCEEDED""]",OK,
15,dev_0239,0,10_00008,10,2,208,0,4,0,50,4,50,"[""11318d18-ddd8-44b2-b871-f2ba9bc64f1f""]","[""SUCCEEDED""]",OK,
15,dev_0239,1,10_00078,16,1,248,4,10,50,148,6,98,"[""5804f735-ddf6-434e-9f3b-f0e3d24af8f6""]","[""SUCCEEDED""]",OK,
15,dev_0239,2,19_00056,32,2,462,10,14,148,234,4,86,"[""f8116978-613f-485e-a6b2-ad096f95a6f3""]","[""SUCCEEDED""]",OK,
15,dev_0239,3,1_00082,20,1,232,14,16,234,305,2,71,"[""156d971c-9220-40d3-9057-eb0e41d6a1d4""]","[""SUCCEEDED""]",OK,
15,dev_0239,4,16_00107,22,2,283,16,16,305,350,0,45,"[""8d52586f-29aa-43df-80e5-bb76912997ee""]","[""SUCCEEDED""]",OK,
15,dev_0239,5,14_00104,28,3,403,16,20,350,447,4,97,"[""914ad83a-cdf6-40f6-90f6-2f00cf331dd8""]","[""SUCCEEDED""]",OK,
15,dev_0239,6,16_00100,24,2,287,20,22,447,487,2,40,"[""653e9e22-129c-49a4-b71e-260d8dafcb17""]","[""SUCCEEDED""]",OK,
16,dev_0240,0,20_00106,26,2,367,0,4,0,70,4,70,"[""2a846424-52e5-43b3-bbf2-b23e95d22030""]","[""SUCCEEDED""]",OK,
16,dev_0240,1,6_00015,16,1,197,4,6,70,92,2,22,"[""18f83ef1-190b-40c8-ad5e-86782492f8e3""]","[""SUCCEEDED""]",OK,
16,dev_0240,2,13_00102,34,1,581,6,10,92,179,4,87,"[""402063aa-14d7-474f-a9e6-688369292b1e""]","[""SUCCEEDED""]",OK,
16,dev_0240,3,14_00107,22,3,430,10,13,179,307,3,128,"[""6e4c4a9e-831a-4a3c-a787-c5aa0eced09f""]","[""SUCCEEDED""]",OK,
16,dev_0240,4,3_00012,8,0,85,13,14,307,333,1,26,"[""e23d83a9-2d4f-48d3-87eb-1a6b1e0d41f0""]","[""SUCCEEDED""]",OK,
16,dev_0240,5,6_00054,20,1,227,14,14,333,371,0,38,"[""332fea0c-60be-47f5-9b84-a02b9f72ab2b""]","[""SUCCEEDED""]",OK,
16,dev_0240,6,18_00106,18,2,252,14,17,371,432,3,61,"[""4c29ae40-0fe5-4634-8713-9376033800b9""]","[""SUCCEEDED""]",OK,
16,dev_0240,7,15_00098,28,2,484,17,19,432,509,2,77,"[""a7b76673-62fc-4e16-9ec0-b02502f880c6""]","[""SUCCEEDED""]",OK,
16,dev_0240,8,1_00077,16,1,355,19,21,509,604,2,95,"[""ae1196b3-dc6b-44fc-8e58-f55273d5b6cb""]","[""SUCCEEDED""]",OK,
17,dev_0241,0,5_00094,6,0,76,0,0,0,0,0,0,"[""f10879d6-7ebc-4879-8535-34999d8bbcee""]","[""SUCCEEDED""]",OK,
17,dev_0241,1,17_00068,32,4,581,0,6,0,150,6,150,"[""e9c943cc-e584-417e-8207-397b81d81d43""]","[""SUCCEEDED""]",OK,
17,dev_0241,2,9_00090,14,1,171,6,8,150,191,2,41,"[""09bfe7db-c00e-4ac9-a433-dc0b16e0b5be""]","[""SUCCEEDED""]",OK,
17,dev_0241,3,10_00065,20,1,308,8,9,191,219,1,28,"[""d8bd1c8a-e18f-4c4b-ba6f-9f7d8cbeafbb""]","[""SUCCEEDED""]",OK,
0,dev_0278,0,8_00114,14,2,145,0,2,0,38,2,38,"[""b2b1d05f-61ce-498c-a629-0e242580f8a9""]","[""SUCCEEDED""]",OK,
0,dev_0278,1,2_00038,10,1,142,2,3,38,61,1,23,"[""fc236763-b112-4aad-b075-7bc964d9d28c""]","[""SUCCEEDED""]",OK,
0,dev_0278,2,2_00002,14,1,219,3,4,61,78,1,17,"[""1bd8824e-06f9-4180-b59b-e79ab702f1c7""]","[""SUCCEEDED""]",OK,
0,dev_0278,3,18_00014,46,2,575,4,8,78,172,4,94,"[""66b76fa5-7ef6-4f3c-998a-641c496fe7fe""]","[""SUCCEEDED""]",OK,
0,dev_0278,4,14_00039,22,2,330,8,11,172,277,3,105,"[""e853b749-b47b-41b9-aa5d-df0ac2b7485b""]","[""SUCCEEDED""]",OK,
0,dev_0278,5,1_00071,8,1,201,11,13,277,309,2,32,"[""8bdaec39-7d43-4069-afe1-3f33876789cc""]","[""SUCCEEDED""]",OK,
0,dev_0278,6,15_00124,30,3,457,13,16,309,424,3,115,"[""19c909ba-ef73-45b4-83c0-34163c0cd2a8""]","[""SUCCEEDED""]",OK,
0,dev_0278,7,1_00047,14,1,216,16,17,424,451,1,27,"[""856a7fb6-fd14-4433-a0f7-b0b816f4faa5""]","[""SUCCEEDED""]",OK,
1,dev_0279,0,18_00072,26,2,241,0,4,0,66,4,66,"[""e8047754-1bf9-449a-88f8-8417de92385a""]","[""SUCCEEDED""]",OK,
1,dev_0279,1,3_00120,4,1,104,4,5,66,78,1,12,"[""6c90ea08-4d4e-4915-9281-c5531e60099c""]","[""SUCCEEDED""]",OK,
1,dev_0279,2,8_00022,24,2,316,5,8,78,158,3,80,"[""a89dad4d-dd23-4cfb-bee0-0330575114f8""]","[""SUCCEEDED""]",OK,
1,dev_0279,3,12_00103,28,2,231,8,13,158,244,5,86,"[""71f73d9e-be49-4851-b5a0-a639bf4b9633""]","[""SUCCEEDED""]",OK,
1,dev_0279,4,18_00009,26,2,375,13,15,244,312,2,68,"[""ef1ffa81-1f0b-43a1-a113-8529846dde83""]","[""SUCCEEDED""]",OK,
1,dev_0279,5,18_00004,42,2,644,15,19,312,436,4,124,"[""58b8236b-2fde-47b7-a030-31b923ee1523""]","[""SUCCEEDED""]",OK,
1,dev_0279,6,12_00014,30,2,438,19,20,436,524,1,88,"[""d5ebd0c4-ed06-4541-b565-92fc25193c7d""]","[""SUCCEEDED""]",OK,
2,dev_0280,0,7_00005,10,1,130,0,2,0,33,2,33,"[""00cff9ff-f79a-479b-8c71-0e542fb9776e""]","[""SUCCEEDED""]",OK,
2,dev_0280,1,8_00036,24,2,374,2,4,33,107,2,74,"[""e9efad4c-d221-4189-bb3e-88afaec6ed9c""]","[""SUCCEEDED""]",OK,
2,dev_0280,2,3_00122,12,1,225,4,5,107,139,1,32,"[""8aaee255-0ec5-4a1a-9486-97402ad1faef""]","[""SUCCEEDED""]",OK,
2,dev_0280,3,5_00007,16,1,201,5,7,139,187,2,48,"[""0d4745b4-720c-4bf6-a2b4-ac4584c4f24f""]","[""SUCCEEDED""]",OK,
2,dev_0280,4,12_00035,24,2,395,7,9,187,286,2,99,"[""f66bb6a9-6132-4d10-b66d-86173c91c3c9""]","[""SUCCEEDED""]",OK,
2,dev_0280,5,16_00032,34,3,615,9,13,286,428,4,142,"[""1e64e04d-0eff-4ccd-9e33-c4130d791eaf""]","[""SUCCEEDED""]",OK,
2,dev_0280,6,11_00092,26,1,309,13,15,428,506,2,78,"[""d9a8edcf-ad82-4871-88d3-611d9d762f17""]","[""SUCCEEDED""]",OK,
2,dev_0280,7,17_00018,18,3,226,15,18,506,557,3,51,"[""d9e37f43-1461-4bd7-b8d1-da60b06e0ca8""]","[""SUCCEEDED""]",OK,
3,dev_0281,0,10_00045,18,2,245,0,5,0,53,5,53,"[""d83ae132-4910-49d2-8e5d-fcd7dcbacfb2""]","[""SUCCEEDED""]",OK,
3,dev_0281,1,17_00081,28,4,493,5,9,53,146,4,93,"[""c1ad7377-969e-4669-bb31-5fd0e250b80f""]","[""SUCCEEDED""]",OK,
3,dev_0281,2,19_00102,24,2,304,9,13,146,208,4,62,"[""3b954f77-8bf4-4f31-932b-f9481b7991a0""]","[""SUCCEEDED""]",OK,
3,dev_0281,3,15_00123,20,3,342,13,16,208,317,3,109,"[""26606d24-7bea-4055-a86d-7393df51ac5e""]","[""SUCCEEDED""]",OK,
3,dev_0281,4,4_00087,24,1,362,16,17,317,368,1,51,"[""0de3cef1-8388-427a-9514-52ee0df23e42""]","[""SUCCEEDED""]",OK,
3,dev_0281,5,2_00114,16,1,232,17,19,368,417,2,49,"[""788ee860-396d-40b8-a728-245524cdae20""]","[""SUCCEEDED""]",OK,
3,dev_0281,6,4_00054,18,1,245,19,21,417,448,2,31,"[""02dee273-5a6d-4a81-94b7-830b7ed0bd14""]","[""SUCCEEDED""]",OK,
3,dev_0281,7,17_00052,14,3,250,21,24,448,499,3,51,"[""2cc3cbdf-7a0d-45a8-9b68-247916f7e75f""]","[""SUCCEEDED""]",OK,
3,dev_0281,8,13_00025,16,2,219,24,27,499,536,3,37,"[""17f48e9f-c010-4d3b-bf4e-0af8976913f1""]","[""SUCCEEDED""]",OK,
3,dev_0281,9,2_00005,12,1,223,27,28,536,571,1,35,"[""0d286fe3-50f6-4ef5-b503-a4290510872c""]","[""SUCCEEDED""]",OK,
4,dev_0282,0,6_00032,28,1,343,0,4,0,56,4,56,"[""4abb4d1f-1be2-4241-ab81-cee750b2826e""]","[""SUCCEEDED""]",OK,
4,dev_0282,1,17_00026,14,3,328,4,8,56,107,4,51,"[""4ed0de8d-dd80-45b0-a641-659ac2f584f5""]","[""SUCCEEDED""]",OK,
4,dev_0282,2,18_00053,28,3,343,8,13,107,206,5,99,"[""24b8bd1f-46a4-408f-8d57-6f1bd9533d6d""]","[""SUCCEEDED""]",OK,
4,dev_0282,3,10_00075,14,1,193,13,15,206,273,2,67,"[""dda0de76-6969-4f05-9df6-d93eb4ddc045""]","[""SUCCEEDED""]",OK,
4,dev_0282,4,2_00100,22,1,297,15,20,273,392,5,119,"[""2fca4704-80db-4852-b78e-d52449663aec""]","[""SUCCEEDED""]",OK,
5,dev_0283,0,16_00035,26,3,433,0,3,0,63,3,63,"[""bfd6a147-401e-4be2-bd13-1591fceedac9""]","[""SUCCEEDED""]",OK,
5,dev_0283,1,2_00024,10,1,147,3,4,63,77,1,14,"[""c07c2599-98e7-4940-a98a-5aa2bed3c752""]","[""SUCCEEDED""]",OK,
5,dev_0283,2,1_00019,10,1,231,4,5,77,107,1,30,"[""bd59ff3b-df35-4ed9-b77f-48abada7c43a""]","[""SUCCEEDED""]",OK,
5,dev_0283,3,14_00019,20,2,413,5,8,107,188,3,81,"[""c095c209-cd75-44cf-9605-a4dba3f3fb4c""]","[""SUCCEEDED""]",OK,
5,dev_0283,4,3_00043,20,0,377,8,13,188,291,5,103,"[""8825c5ab-c2fe-4a02-a4e2-a5c3fd632b27""]","[""SUCCEEDED""]",OK,
6,dev_0284,0,3_00098,10,1,143,0,1,0,21,1,21,"[""4ad36592-a5b2-4bee-901c-5b663c0f31ad""]","[""SUCCEEDED""]",OK,
6,dev_0284,1,14_00028,14,2,229,1,3,21,77,2,56,"[""0c5e7c85-e015-40eb-9bae-a9862a31aa71""]","[""SUCCEEDED""]",OK,
6,dev_0284,2,2_00009,14,1,225,3,4,77,111,1,34,"[""8b885bc3-e134-4e2c-813b-1469924598e1""]","[""SUCCEEDED""]",OK,
6,dev_0284,3,18_00017,30,2,490,4,8,111,214,4,103,"[""e3cd61bf-b5ac-4136-9b29-668bab343539""]","[""SUCCEEDED""]",OK,
6,dev_0284,4,16_00036,28,3,404,8,12,214,303,4,89,"[""a85ad633-0a45-4de2-a206-7226920b061b""]","[""SUCCEEDED""]",OK,
7,dev_0285,0,16_00013,26,3,388,0,3,0,61,3,61,"[""ef3b9be5-ca1f-4296-af5f-8122f5045215""]","[""SUCCEEDED""]",OK,
7,dev_0285,1,19_00126,24,2,270,3,5,61,104,2,43,"[""7581e917-b185-42d2-ad85-2d1c85c08075""]","[""SUCCEEDED""]",OK,
7,dev_0285,2,18_00122,26,2,444,5,7,104,188,2,84,"[""263d7e92-64c0-4891-a0b7-3cd599aebfd9""]","[""SUCCEEDED""]",OK,
7,dev_0285,3,15_00099,18,2,286,7,9,188,240,2,52,"[""f5a5d6ae-d98b-4c87-aa7a-0ec55b929a2f""]","[""SUCCEEDED""]",OK,
7,dev_0285,4,2_00069,16,1,319,9,10,240,282,1,42,"[""999a26ce-21d6-4c79-89a8-2868dfaa0732""]","[""SUCCEEDED""]",OK,
7,dev_0285,5,18_00119,22,2,405,10,14,282,377,4,95,"[""de53047b-2810-4a24-abeb-74712f33862f""]","[""SUCCEEDED""]",OK,
7,dev_0285,6,1_00026,12,1,301,14,15,377,409,1,32,"[""37e50321-6d17-46af-a084-7b18deb25043""]","[""SUCCEEDED""]",OK,
7,dev_0285,7,11_00105,22,1,233,15,17,409,465,2,56,"[""2fc6277e-25f3-4b95-8eef-7f5a16d8cb69""]","[""SUCCEEDED""]",OK,
7,dev_0285,8,2_00108,20,1,301,17,19,465,531,2,66,"[""b2d02421-39c2-4d9e-9364-dc2aebfbd404""]","[""SUCCEEDED""]",OK,
7,dev_0285,9,6_00029,12,1,126,19,22,531,567,3,36,"[""7de66a66-c86f-4043-be5d-46ade23c9b74""]","[""SUCCEEDED""]",OK,
8,dev_0286,0,10_00108,12,2,275,0,3,0,68,3,68,"[""ffd0b398-80e1-48f1-a1ba-cdd8c477bb96""]","[""SUCCEEDED""]",OK,
8,dev_0286,1,11_00045,16,2,209,3,6,68,128,3,60,"[""c634a1cd-d4de-4a44-bd64-54ce9cc0ba5c""]","[""SUCCEEDED""]",OK,
8,dev_0286,2,3_00094,10,1,149,6,9,128,170,3,42,"[""37ce381c-283f-4bb4-8605-b4376efa36d2""]","[""SUCCEEDED""]",OK,
8,dev_0286,3,8_00080,22,2,264,9,11,170,215,2,45,"[""13c750be-b4e8-4332-a3ee-e341e1322c5f""]","[""SUCCEEDED""]",OK,
8,dev_0286,4,18_00104,24,2,333,11,12,215,262,1,47,"[""2b5b3a60-83f7-4229-821a-12016b580be5""]","[""SUCCEEDED""]",OK,
8,dev_0286,5,6_00008,16,1,192,12,13,262,293,1,31,"[""cffad28d-22b7-4f0c-b552-b6bb709a0b7e""]","[""SUCCEEDED""]",OK,
8,dev_0286,6,15_00106,18,2,264,13,15,293,334,2,41,"[""2bc08086-4b42-4265-bd4f-dcdc21c7c64c""]","[""SUCCEEDED""]",OK,
8,dev_0286,7,4_00114,14,1,149,15,17,334,357,2,23,"[""e0f688d9-dfcc-484f-815a-2a01c6a85c53""]","[""SUCCEEDED""]",OK,
8,dev_0286,8,18_00025,44,2,680,17,22,357,455,5,98,"[""63176280-02d7-47a5-976e-d62612f5dd58""]","[""SUCCEEDED""]",OK,
9,dev_0290,0,9_00021,24,2,317,0,4,0,72,4,72,"[""8a8d7c04-353f-412b-98ae-dea350f36b5c""]","[""SUCCEEDED""]",OK,
9,dev_0290,1,11_00061,24,1,425,4,7,72,153,3,81,"[""25ed7357-2a08-4349-aeda-5de781755b00""]","[""SUCCEEDED""]",OK,
9,dev_0290,2,17_00103,40,4,619,7,12,153,316,5,163,"[""17e52f17-88e1-4190-8451-d8e0a14cc2e8""]","[""SUCCEEDED""]",OK,
9,dev_0290,3,9_00030,18,2,275,12,14,316,373,2,57,"[""f64b689d-3db0-4c97-98a2-1ff61f4f1ab6""]","[""SUCCEEDED""]",OK,
9,dev_0290,4,10_00085,12,1,155,14,15,373,401,1,28,"[""1c03a3fa-9783-4654-ba51-bdc7ff7005b0""]","[""SUCCEEDED""]",OK,
10,dev_0291,0,3_00124,8,1,165,0,3,0,59,3,59,"[""9653614e-5bf7-4282-b132-27283631d176""]","[""SUCCEEDED""]",OK,
10,dev_0291,1,4_00008,8,1,258,3,4,59,112,1,53,"[""4faf2608-7ee3-473c-a2ab-1b3081b0866a""]","[""SUCCEEDED""]",OK,
10,dev_0291,2,7_00010,16,1,276,4,7,112,178,3,66,"[""03d82abe-bdd7-424c-af94-0952c373d005""]","[""SUCCEEDED""]",OK,
10,dev_0291,3,12_00010,30,2,501,7,9,178,309,2,131,"[""88ab11fb-b460-461a-a12e-cc150f80c2cb""]","[""SUCCEEDED""]",OK,
10,dev_0291,4,6_00092,16,1,240,9,10,309,328,1,19,"[""b7bfa5f3-0ce6-4c2c-9337-abe1eae95145""]","[""SUCCEEDED""]",OK,
11,dev_0292,0,17_00110,32,2,642,0,4,0,136,4,136,"[""a2feafe2-8430-446e-a2d4-f58b8030e298""]","[""SUCCEEDED""]",OK,
11,dev_0292,1,4_00038,20,1,353,4,6,136,172,2,36,"[""10c0689c-f177-462d-9fd4-4d07de013bad""]","[""SUCCEEDED""]",OK,
11,dev_0292,2,6_00056,16,1,212,6,7,172,219,1,47,"[""a2fc1066-5440-42d9-9df3-4fd963244d46""]","[""SUCCEEDED""]",OK,
11,dev_0292,3,18_00035,26,3,361,7,13,219,310,6,91,"[""d4318000-6c02-42ed-98f0-1db0a7215b79""]","[""SUCCEEDED""]",OK,
11,dev_0292,4,6_00068,18,1,268,13,16,310,389,3,79,"[""45fd01ec-ba42-4818-836f-fa898b7addde""]","[""SUCCEEDED""]",OK,
11,dev_0292,5,16_00007,34,3,570,16,21,389,510,5,121,"[""9ec1d59b-1574-4e0a-bb36-1b40d3cbe830""]","[""SUCCEEDED""]",OK,
11,dev_0292,6,5_00025,8,1,83,21,23,510,529,2,19,"[""a548b2cd-6841-48ee-a84f-3bad3e586ea9""]","[""SUCCEEDED""]",OK,
11,dev_0292,7,13_00052,22,3,300,23,26,529,606,3,77,"[""a9f483d6-2191-4cdc-b909-54152a7e5b75""]","[""SUCCEEDED""]",OK,
11,dev_0292,8,16_00025,22,3,328,26,27,606,655,1,49,"[""a8e204f2-7769-49c2-8650-a19dd9df55c3""]","[""SUCCEEDED""]",OK,
12,dev_0293,0,5_00018,14,1,143,0,3,0,45,3,45,"[""2697976a-0776-4974-96b1-6a4ab465f464""]","[""SUCCEEDED""]",OK,
12,dev_0293,1,4_00082,18,1,245,3,4,45,109,1,64,"[""b0f00d55-736e-48c2-9f58-51892acb9bd1""]","[""SUCCEEDED""]",OK,
12,dev_0293,2,3_00066,16,0,224,4,6,109,154,2,45,"[""51c1863f-92bb-473f-a9a0-30afd607e5c5""]","[""SUCCEEDED""]",OK,
12,dev_0293,3,1_00033,12,1,171,6,7,154,199,1,45,"[""6a1cf34d-5957-4fde-b62a-31cb4dd05b38""]","[""SUCCEEDED""]",OK,
12,dev_0293,4,15_00120,30,3,423,7,10,199,297,3,98,"[""066b77ba-1195-4950-95d4-595188f92bf6""]","[""SUCCEEDED""]",OK,
12,dev_0293,5,8_00100,18,2,248,10,15,297,391,5,94,"[""452555cb-343e-4fb9-8dc8-b3d5fd2ce841""]","[""SUCCEEDED""]",OK,
13,dev_0294,0,13_00057,22,3,348,0,4,0,82,4,82,"[""086ce7ac-4971-482b-b60e-68c49eba578e""]","[""SUCCEEDED""]",OK,
13,dev_0294,1,20_00004,22,2,303,4,6,82,124,2,42,"[""adab6e68-e23f-4167-a583-7dab8ef2b06c""]","[""SUCCEEDED""]",OK,
13,dev_0294,2,4_00126,16,1,192,6,9,124,176,3,52,"[""05ad1a06-4d90-4c78-a847-a314526b3d1a""]","[""SUCCEEDED""]",OK,
13,dev_0294,3,3_00065,18,0,293,9,11,176,234,2,58,"[""d200b70c-0d6c-41c0-8d10-55df08066cdf""]","[""SUCCEEDED""]",OK,
13,dev_0294,4,14_00000,26,1,272,11,14,234,284,3,50,"[""0b1fdca3-de97-4d7e-96d4-3e26be5eea5e""]","[""SUCCEEDED""]",OK,
13,dev_0294,5,16_00125,16,2,214,14,17,284,339,3,55,"[""98abbe98-dbfb-419c-969b-cd23d9077495""]","[""SUCCEEDED""]",OK,
14,dev_0295,0,2_00097,14,1,244,0,1,0,41,1,41,"[""193d398a-de37-4ae0-ad00-dad027e097f4""]","[""SUCCEEDED""]",OK,
14,dev_0295,1,16_00088,16,2,148,1,2,41,62,1,21,"[""e1dcdaed-4ce3-40e1-8579-a085a68161cb""]","[""SUCCEEDED""]",OK,
14,dev_0295,2,3_00070,14,0,195,2,6,62,140,4,78,"[""fe04700f-4c91-45e8-ad76-6a260bd7a0a4""]","[""SUCCEEDED""]",OK,
14,dev_0295,3,8_00010,22,2,438,6,9,140,223,3,83,"[""cc264ce9-2870-4a52-a406-2f93d8b0572d""]","[""SUCCEEDED""]",OK,
14,dev_0295,4,15_00028,18,2,445,9,11,223,287,2,64,"[""f67546d4-670c-4da0-b79a-18e771c1edcd""]","[""SUCCEEDED""]",OK,
14,dev_0295,5,17_00067,38,4,633,11,16,287,451,5,164,"[""4942275b-ef87-49b6-ac10-436e8de8ea20""]","[""SUCCEEDED""]",OK,
14,dev_0295,6,5_00069,8,0,92,16,16,451,451,0,0,"[""dc1edcf9-106d-4cc5-9eac-4b8547921eae""]","[""SUCCEEDED""]",OK,
14,dev_0295,7,20_00094,18,2,232,16,18,451,490,2,39,"[""2cc8c698-8fcd-4c02-958a-69b9bb091be6""]","[""SUCCEEDED""]",OK,
15,dev_0296,0,18_00045,26,3,395,0,7,0,117,7,117,"[""d6760c4d-f346-41a5-9808-0bf5530663cd""]","[""SUCCEEDED""]",OK,
15,dev_0296,1,18_00088,24,2,289,7,12,117,186,5,69,"[""d2314fed-4b2d-4e3f-ac91-67ba9654c951""]","[""SUCCEEDED""]",OK,
15,dev_0296,2,9_00060,24,2,270,12,14,186,224,2,38,"[""f07c0923-adbb-4573-9686-ada6899e8c0a""]","[""SUCCEEDED""]",OK,
15,dev_0296,3,8_00028,26,2,448,14,16,224,294,2,70,"[""fd1d4e3e-1520-4c56-b74b-ed7413570c69""]","[""SUCCEEDED""]",OK,
15,dev_0296,4,3_00023,16,0,130,16,17,294,334,1,40,"[""d13e3171-f6ff-4678-a89a-710ffc501e26""]","[""SUCCEEDED""]",OK,
15,dev_0296,5,18_00059,38,3,535,,,,,,,,,ERROR,"Server error '502 Bad Gateway' for url 'https://api.mem0.ai/v1/event/408daaeb-c9f9-4613-8e75-0506b0692926/'
For more information check: https://developer.mozilla.org/en-US/docs/Web/HTTP/Status/502"
15,dev_0296,6,11_00050,20,2,215,17,23,334,490,6,156,"[""13b29ea8-106a-4f89-b8c5-944baab83736""]","[""SUCCEEDED""]",OK,
16,dev_0297,0,8_00090,22,2,297,0,2,0,84,2,84,"[""3bd8be32-9638-4db6-8776-7764a39efbc5""]","[""SUCCEEDED""]",OK,
16,dev_0297,1,3_00096,12,1,199,2,6,84,141,4,57,"[""39cafcc1-a71b-4795-a6e1-fc65e78d352f""]","[""SUCCEEDED""]",OK,
16,dev_0297,2,8_00123,22,2,258,6,9,141,191,3,50,"[""ca8c9458-0553-4a15-8bb8-ce1ec8fe321e""]","[""SUCCEEDED""]",OK,
16,dev_0297,3,10_00019,18,2,259,9,13,191,272,4,81,"[""71d4b92a-c913-4f60-ac85-7df50be45770""]","[""SUCCEEDED""]",OK,
16,dev_0297,4,18_00124,20,2,276,13,15,272,344,2,72,"[""50ce6f95-52c6-4233-8634-d2e58d1f648e""]","[""SUCCEEDED""]",OK,
16,dev_0297,5,7_00066,18,1,200,15,17,344,396,2,52,"[""d799a17e-3560-4cd3-85b6-e6d5a3e47667""]","[""SUCCEEDED""]",OK,
16,dev_0297,6,10_00038,20,2,245,17,20,396,436,3,40,"[""0af713a3-f27b-49fc-80e2-07c5404bfb90""]","[""SUCCEEDED""]",OK,
16,dev_0297,7,8_00020,28,2,463,20,22,436,517,2,81,"[""7b4d9c51-4a07-47df-8632-4efde6b83cae""]","[""SUCCEEDED""]",OK,
17,dev_0298,0,4_00104,20,1,259,0,2,0,48,2,48,"[""0bbe451d-f34f-474e-9925-98c21f197a23""]","[""SUCCEEDED""]",OK,
17,dev_0298,1,11_00019,20,2,235,2,6,48,105,4,57,"[""50ef12a4-dcaa-426b-8625-b4b75851c8b0""]","[""SUCCEEDED""]",OK,
17,dev_0298,2,5_00124,14,1,173,6,7,105,140,1,35,"[""44ec87e2-13b6-43fe-bc9b-ea1726cb9bfa""]","[""SUCCEEDED""]",OK,
17,dev_0298,3,8_00052,16,2,287,7,9,140,205,2,65,"[""3360090c-7f6a-45c9-b37f-f512a05066dd""]","[""SUCCEEDED""]",OK,
17,dev_0298,4,13_00015,10,2,166,9,11,205,252,2,47,"[""23a7d905-cbed-43f4-b89d-35f47e2ea3f9""]","[""SUCCEEDED""]",OK,
18,dev_0300,0,18_00066,28,3,294,0,4,0,68,4,68,"[""7e05c39a-5754-4e3d-8b36-fa96045deecc""]","[""SUCCEEDED""]",OK,
18,dev_0300,1,6_00069,24,1,314,4,9,68,155,5,87,"[""f99b7a8c-1dd7-4b92-b727-6ceaddcfdb39""]","[""SUCCEEDED""]",OK,
18,dev_0300,2,18_00010,28,2,485,9,12,155,311,3,156,"[""1eff59b7-5595-476f-b2b8-2283e764fe4a""]","[""SUCCEEDED""]",OK,
18,dev_0300,3,7_00059,24,1,372,12,16,311,377,4,66,"[""c40dc3dd-4778-4903-8f1d-fe8ad251c7a4""]","[""SUCCEEDED""]",OK,
18,dev_0300,4,17_00101,32,4,605,16,22,377,500,6,123,"[""20470f31-abe4-4984-b55f-08fa80cba5b7""]","[""SUCCEEDED""]",OK,
18,dev_0300,5,19_00026,24,2,422,22,24,500,581,2,81,"[""fcbfb80e-dff4-4a8e-9952-347214ff5ec2""]","[""SUCCEEDED""]",OK,
18,dev_0300,6,3_00025,8,0,83,24,25,581,598,1,17,"[""f9d81426-642b-4cc0-bc04-f5e580ea8816""]","[""SUCCEEDED""]",OK,
18,dev_0300,7,7_00018,8,1,136,25,26,598,617,1,19,"[""f1194bc0-1029-4f76-8832-38d27b36117f""]","[""SUCCEEDED""]",OK,
18,dev_0300,8,16_00076,26,2,468,26,30,617,723,4,106,"[""1d72f844-249e-4685-9ed5-6b223ead2dae""]","[""SUCCEEDED""]",OK,
19,dev_0302,0,13_00092,26,1,412,0,4,0,97,4,97,"[""e1a99e84-4f5a-4320-a6b9-e798656f1b35""]","[""SUCCEEDED""]",OK,
19,dev_0302,1,5_00091,10,0,151,4,5,97,125,1,28,"[""75e38968-3cfa-4e19-859b-a1e1ae6a51a1""]","[""SUCCEEDED""]",OK,
